"id","first_name","last_name","email","department","last_promoted","salary"
"14-992-2474","Godfry","Tohill","GTohill@abc.com","Training","2017","94444.73"
"23-962-7404","Benni","Vigus","BVigus@abc.com","Marketing","2021","55635.93"
"53-862-0545","Kristoforo","MacNeice","kmacneice2@cornell.edu","Legal","2019","166797.26"
"19-741-6512","Oates","Chuck","ochuck3@telegraph.co.uk","Training","2018","146675.42"
"98-219-3304","Caryl","Shane","CShane@abc.com","Training","2016","155451.01"
"20-161-2846","Torry","Roomes","troomes5@marketwatch.com","Support","2018","125265.24"
"82-784-8086","Harley","Clarey","hclarey6@reverbnation.com","Research and Development","2018","70909.8525"
"98-217-2127","Michele","Bonnaire","mbonnaire7@xinhuanet.com","Legal","2017","154200.91"
"55-614-1198","Margot","Vant","mvant8@chicagotribune.com","Marketing","2021","139167.861"
"61-682-3915","Ashton","Haughey","ahaughey9@cmu.edu","Support","2017","91611.41"
"45-939-2562","Flory","Lougheid","flougheida@addthis.com","Legal","2018","134476.17"
"65-156-4566","Tally","McQuillan","tmcquillanb@state.tx.us","Product Management","2019","138520.27"
"59-469-7391","Peadar","Care","PCare@abc.com","Training","2016","57791.92"
"08-728-6964","Alayne","Tudhope","atudhoped@so-net.ne.jp","Business Development","2017","138975.35"
"37-226-7190","Franky","Brandino","fbrandinoe@people.com.cn","Product Management","2016","126735.86"
"07-747-0301","Mignon","Swatheridge","mswatheridgef@marriott.com","Support","2017","58641.47"
"09-800-0110","Cristobal","Lamball","clamballg@nbcnews.com","Human Resources","2016","93373.37"
"66-179-2445","Mannie","Harmant","mharmanth@parallels.com","Human Resources","2016","164022.37"
"09-972-6330","Dyann","Matessian","DMatessian@abc.com","Engineering","2019","74216.39"
"43-272-4539","Mair","Loveman","MLoveman@abc.com","Support","2016","144416.96"
"41-666-1158","Erinna","Duffil","eduffilk@theglobeandmail.com","Marketing","2018","106127.28"
"32-261-4691","Feodor","Claw","FClaw@abc.com","Accounting","2019","74825.46"
"93-555-2425","Terra","Fynan","tfynanm@google.nl","Business Development","2019","183796.4"
"28-241-1795","Rutter","Uridge","ruridgen@bloomberg.com","Engineering","2019","53975.2"
"10-407-4564","Agnese","Cockren","ACockren@abc.com","Engineering","2019","76726.94"
"75-314-5567","Gustav","De Caroli","gdecarolip@people.com.cn","Human Resources","2018","104156.87"
"86-538-2976","Kayle","Hatje","KHatje@abc.com","Marketing","2019","171721.83"
"40-739-6233","Brian","Yankov","byankovr@php.net","Marketing","2021","96472.236"
"52-290-1225","Hyacinthe","Comiskey","hcomiskeys@china.com.cn","Legal","2017","153938.25"
"78-000-2407","Gavrielle","Josey","gjoseyt@biblegateway.com","Training","2015","145854.56"
"95-597-7133","Agace","Ife","aifeu@businessweek.com","Support","2019","133097.98"
"50-138-7784","Lynnell","Iggo","LIggo@abc.com","Business Development","2017","192424.05"
"59-473-9962","Corrie","Meller","cmellerw@weebly.com","Product Management","2018","84337.4"
"93-455-2115","Gayle","Jewson","gjewsonx@yale.edu","Support","2016","104777.69"
"56-019-3036","Bear","Caris","bcarisz@sitemeter.com","Accounting","2019","125042.71"
"59-000-4656","Katerine","Plevey","kplevey10@squidoo.com","Legal","2018","109128.05"
"92-642-9822","Hana","Timperley","HTimperley@abc.com","Legal","2015","162441.37"
"14-792-9014","Titus","Robeiro","trobeiro12@barnesandnoble.com","Sales","2019","79226.35"
"56-940-9139","Hester","LeEstut","hleestut13@nytimes.com","Research and Development","2016","116423.241"
"11-326-1800","Hanson","Burchmore","hburchmore14@amazonaws.com","Business Development","2015","138461.23"
"19-543-1517","Alia","Pettifor","apettifor15@google.ca","Research and Development","2016","162697.779"
"35-753-4778","Carina","Clemetts","cclemetts16@wikipedia.org","Support","2017","148954.7"
"70-164-2641","Addia","Jaycock","ajaycock17@furl.net","Marketing","2021","196297.101"
"22-526-1381","Ray","Willshear","rwillshear18@booking.com","Support","2017","101419.37"
"00-082-9206","Cleavland","Corter","ccorter19@wiley.com","Accounting","2015","105392.25"
"61-777-3769","Arley","Ather","aather1a@upenn.edu","Human Resources","2015","197855.29"
"17-763-8068","Cristie","Arp","carp1b@qq.com","Sales","2016","53787.65"
"83-661-5553","Koressa","Konke","kkonke1c@mlb.com","Accounting","2018","145365.49"
"41-505-2848","Reynold","Hanselman","rhanselman1d@dagondesign.com","Engineering","2021","131260.13999999998"
"75-571-4601","Amabel","Siggs","asiggs1e@gmpg.org","Human Resources","2015","191463.11"
"50-931-7270","Christophorus","Calleja","ccalleja1f@china.com.cn","Support","2016","137451.38"
"86-526-9542","Cesya","Monkton","cmonkton1g@slate.com","Engineering","2021","162558.312"
"73-012-5282","Kenyon","McAneny","kmcaneny1h@umn.edu","Research and Development","2018","157142.5875"
"10-973-8815","Melesa","Haskins","mhaskins1i@arizona.edu","Accounting","2017","111215.87"
"13-200-6059","Torin","Game","tgame1j@wordpress.org","Legal","2015","157680.67"
"69-493-1053","Margalo","MacCaghan","mmaccaghan1k@abc.net.au","Human Resources","2015","142748.65"
"91-748-7697","Zorine","Towers","ztowers1l@blogger.com","Business Development","2018","157796.66"
"12-892-2958","Bail","Morehall","BMorehall@abc.com","Support","2017","50667.63"
"67-574-5267","Waldo","Gauge","wgauge1n@deviantart.com","Business Development","2019","137477.41"
"99-212-9627","Vinnie","Pexton","VPexton@abc.com","Business Development","2015","180653.38"
"86-761-3356","Moses","Jain","mjain1q@gmpg.org","Accounting","2017","56632.23"
"32-146-5835","Ermina","Lawrenz","elawrenz1r@seattletimes.com","Training","2018","110739.9"
"17-044-2263","Helsa","Bullus","HBullus@abc.com","Support","2016","113447.12"
"42-105-7873","Brew","Stinson","bstinson1t@discuz.net","Training","2018","146208.27"
"80-759-2648","Luise","Lapthorne","llapthorne1u@e-recht24.de","Product Management","2017","85376.99"
"53-093-1937","Fabe","Messier","fmessier1v@tripod.com","Business Development","2019","124431.92"
"37-059-9362","Lilith","Pochon","LPochon@abc.com","Engineering","2019","75896.5"
"06-637-1509","Dory","Amberson","damberson1x@washington.edu","Support","2018","118483.72"
"63-581-6055","Kasper","Barrable","kbarrable1y@fastcompany.com","Marketing","2021","116364.192"
"10-586-5008","Teddie","Seeler","tseeler20@bluehost.com","Accounting","2017","140283.73"
"51-363-5558","Mareah","Huckerby","mhuckerby21@rambler.ru","Legal","2016","132489.63"
"31-188-4898","Deanne","Steart","dsteart22@nydailynews.com","Support","2015","67541.16"
"98-936-9565","Luciano","Waddup","lwaddup23@springer.com","Business Development","2015","102720.97"
"33-203-4990","Alisander","Gillbee","AGillbee@abc.com","Training","2019","54987"
"69-174-3709","Yvon","Wadly","ywadly25@surveymonkey.com","Support","2018","77331.71"
"20-997-2881","Ransell","Charlson","rcharlson26@themeforest.net","Accounting","2018","187711.19"
"30-320-3073","Clarine","Dello","cdello28@buzzfeed.com","Human Resources","2017","149854.14"
"45-305-8789","Kristos","Abriani","kabriani29@dedecms.com","Engineering","2021","87629.064"
"40-110-5709","Idelle","Kennington","ikennington2a@csmonitor.com","Accounting","2015","61349.52"
"93-209-5492","Bibbye","Sawter","bsawter2b@hatena.ne.jp","Research and Development","2016","94468.855"
"38-669-9635","Deanne","Saur","dsaur2c@opensource.org","Support","2017","179180.01"
"18-172-3731","Xena","Latham","XLatham@abc.com","Product Management","2017","51612.13"
"80-583-7082","Gilburt","Cancelier","gcancelier2e@google.fr","Product Management","2015","175846.16"
"77-851-3501","Zacharie","Dhennin","zdhennin2f@typepad.com","Support","2019","72939.8"
"86-576-8381","Emlyn","Wotton","ewotton2g@aboutads.info","Support","2017","195594.66"
"12-807-6130","Francisca","Caffin","fcaffin2h@dropbox.com","Accounting","2017","155326.06"
"43-024-4050","Min","Pinnocke","mpinnocke2i@nyu.edu","Business Development","2016","69598.6"
"60-402-5051","Gilbert","Peartree","gpeartree2j@go.com","Research and Development","2018","177884.517"
"01-694-8213","Baudoin","Luety","bluety2k@wordpress.com","Human Resources","2019","119886.24"
"25-405-3050","Roberta","Quarmby","RQuarmby@abc.com","Legal","2017","126766.13"
"30-040-1877","Norton","Houlson","NHoulson@abc.com","Training","2016","192413.55"
"54-652-3147","Bald","Danet","bdanet2n@webs.com","Product Management","2018","163893.38"
"77-597-4341","Ivette","Durrand","idurrand2o@livejournal.com","Legal","2015","191721.07"
"39-967-9721","Hayyim","Darleston","hdarleston2p@purevolume.com","Engineering","2021","173911.33199999997"
"86-023-0558","Cyndi","Jiricka","cjiricka2q@oracle.com","Accounting","2019","148016.6"
"93-415-7899","Gunther","Grgic","ggrgic2r@aol.com","Legal","2017","132124.99"
"69-041-0858","Fancy","Ferriday","fferriday2s@printfriendly.com","Accounting","2019","189817.27"
"14-098-9992","Berkie","Fassmann","bfassmann2t@163.com","Business Development","2019","63354.91"
"81-094-9283","Ferguson","Salmon","fsalmon2u@cargocollective.com","Legal","2017","118200.46"
"91-364-2338","Nathanael","Stowers","nstowers2w@mtv.com","Human Resources","2019","114336.32"
"67-161-8897","Tabbi","Breazeall","TBreazeall@abc.com","Human Resources","2017","135912.72"
"70-651-5487","Malva","Varndall","mvarndall2y@buzzfeed.com","Support","2019","84579.77"
"55-211-3043","Bebe","Aleksidze","baleksidze2z@google.pl","Accounting","2017","56704.66"
"92-204-0806","Husein","Huckell","hhuckell30@google.nl","Support","2015","128854.64"
"86-794-8713","Catlin","Lutsch","CLutsch@abc.com","Research and Development","2015","182527.3"
"39-168-0071","Jonis","Feavearyear","jfeavearyear32@google.co.uk","Sales","2015","80879.68"
"97-240-1106","Carmen","Goldspink","cgoldspink33@nydailynews.com","Human Resources","2019","88344.66"
"77-851-1717","Bentlee","McDonogh","bmcdonogh34@mac.com","Engineering","2021","199212.588"
"19-219-9479","Glenda","Menault","gmenault35@chron.com","Business Development","2019","51518.37"
"95-379-6772","Tarrah","Spottswood","tspottswood36@ca.gov","Business Development","2018","50675.79"
"22-945-3270","Ebeneser","Benns","ebenns37@home.pl","Legal","2018","153321.87"
"50-273-5670","Vachel","Relf","vrelf38@pen.io","Accounting","2015","199639.85"
"10-265-3133","Nester","Lewis","nlewis39@nba.com","Legal","2019","85357.93"
"41-764-7421","Oran","Goodred","ogoodred3a@google.fr","Research and Development","2018","47514.4305"
"07-342-9907","Royal","Avramovich","ravramovich3b@thetimes.co.uk","Research and Development","2017","50136.839"
"81-911-1817","Boigie","Henrichs","bhenrichs3c@wix.com","Business Development","2018","173182.26"
"75-703-3923","Galvin","Dunridge","gdunridge3d@un.org","Research and Development","2018","86521.0695"
"51-700-1245","Coreen","Gilding","cgilding3e@comsenz.com","Legal","2015","169015.78"
"52-866-7047","Denni","Wrought","dwrought3f@nasa.gov","Research and Development","2018","89705.44099999999"
"97-818-5489","Marylinda","Alyoshin","malyoshin3g@typepad.com","Support","2017","136138.17"
"70-009-3286","Anet","Coxwell","acoxwell3h@behance.net","Legal","2019","177649.62"
"40-215-0721","Sherry","Jamson","SJamson@abc.com","Research and Development","2016","61486.023499999996"
"38-461-8236","Breena","Haggas","bhaggas3k@theguardian.com","Support","2015","93351.94"
"96-503-5735","Charles","Reaney","creaney3l@hexun.com","Human Resources","2018","177985.95"
"30-340-8998","Ivette","Millwater","IMillwater@abc.com","Research and Development","2016","127623.7125"
"30-396-0349","Evangelin","Blader","eblader3n@qq.com","Marketing","2021","208581.33450000003"
"41-056-8573","Biron","Shout","bshout3o@usatoday.com","Support","2019","174309.94"
"74-277-9621","Chlo","Filgate","cfilgate3p@answers.com","Business Development","2015","95167.38"
"21-259-1999","Bettye","Hansell","bhansell3q@symantec.com","Support","2017","55655.46"
"35-687-4245","Kalie","Gauler","kgauler3r@photobucket.com","Engineering","2021","209423.12399999998"
"99-880-9319","Launce","Sargint","lsargint3s@amazon.com","Marketing","2018","112982.69"
"50-773-3278","Josh","Andreini","jandreini3t@homestead.com","Engineering","2021","162504.096"
"09-548-0597","Lin","Hanstock","LHanstock@abc.com","Marketing","2018","133780.24"
"75-653-9191","Walsh","Bidwell","wbidwell3v@vk.com","Product Management","2015","51498.56"
"35-909-6515","Neall","Kruschev","nkruschev3w@people.com.cn","Legal","2018","161885.09"
"85-110-7028","Tracee","Baversor","tbaversor3x@bravesites.com","Business Development","2019","151825.01"
"29-961-2302","Edee","Lecky","elecky3y@reuters.com","Training","2016","68225.69"
"78-622-4833","Lorin","Colleton","lcolleton3z@netvibes.com","Human Resources","2017","92905.34"
"17-783-0908","Buddy","Zecchini","bzecchini40@oakley.com","Business Development","2016","97106.67"
"79-984-9978","Gilbertina","Cockayme","GCockayme@abc.com","Research and Development","2017","93144.2415"
"08-241-4195","Auria","Weatherdon","aweatherdon42@1und1.de","Training","2017","73739.78"
"39-171-1908","Rhetta","Bellay","rbellay43@uiuc.edu","Sales","2016","68870.77"
"65-814-4847","Mordy","Britto","mbritto44@parallels.com","Business Development","2016","190634.45"
"75-877-0826","Roseanne","O'Lochan","rolochan45@tmall.com","Marketing","2021","151303.32"
"06-833-3907","Sharla","Maggorini","SMaggorini@abc.com","Marketing","2021","53891.785500000005"
"96-689-6219","Petronilla","Rodenhurst","prodenhurst48@virginia.edu","Product Management","2016","118747.5"
"26-349-7611","Carolann","Bernardo","CBernardo@abc.com","Accounting","2017","59712.59"
"44-124-0176","Isac","Graysmark","igraysmark4a@canalblog.com","Support","2017","68710.87"
"11-657-3495","Terry","Glanz","tglanz4c@unesco.org","Research and Development","2017","147288.16150000002"
"61-326-4756","Piper","Biffen","pbiffen4d@hp.com","Business Development","2018","191946.57"
"75-792-8099","Syman","Murfin","smurfin4e@prweb.com","Business Development","2017","184027.6"
"45-358-4124","Ardith","Bilston","abilston4f@wix.com","Legal","2016","57794.49"
"30-201-0548","Claribel","Weatherley","cweatherley4h@auda.org.au","Support","2018","85852.32"
"04-091-3830","Devi","Bayldon","DBayldon@abc.com","Accounting","2019","144226.98"
"64-998-8856","Tally","Ludovici","tludovici4j@mozilla.org","Business Development","2018","83038.07"
"88-713-8436","Garry","Ors","gors4k@merriam-webster.com","Product Management","2015","194250.03"
"29-079-2406","Berkly","Eyckelbeck","beyckelbeck4m@elpais.com","Accounting","2018","75033.86"
"69-482-7063","Johannah","Foulsham","jfoulsham4n@prweb.com","Legal","2016","61578.48"
"18-994-0968","Woodman","Norker","wnorker4o@addtoany.com","Training","2019","184517.96"
"25-590-5741","Laurette","Sowley","lsowley4p@cnbc.com","Marketing","2021","133299.9675"
"04-615-1683","Anitra","Forryan","AForryan@abc.com","Legal","2019","159333.06"
"68-251-9854","Levi","Lavery","LLavery@abc.com","Sales","2017","77080.1"
"64-792-2166","Kenon","Godley","KGodley@abc.com","Research and Development","2017","158598.07299999997"
"86-977-2032","Paola","Falkous","pfalkous4t@scribd.com","Engineering","2021","204176.772"
"46-649-5091","Calvin","Charteris","ccharteris4u@answers.com","Training","2019","66652.99"
"49-509-5393","Retha","Newark","rnewark4v@booking.com","Business Development","2016","174404.18"
"88-805-7377","Victor","Bohills","vbohills4w@umich.edu","Support","2018","168322.82"
"87-212-0025","Chrystel","Feasby","cfeasby4x@360.cn","Business Development","2019","152520.04"
"74-156-4547","Darb","Kensall","dkensall4y@narod.ru","Accounting","2017","102266.08"
"24-327-3795","Cyndy","Menhci","cmenhci4z@last.fm","Product Management","2019","84800.99"
"18-487-8901","Danni","Colbert","dcolbert50@msn.com","Support","2019","151750.93"
"87-638-8399","Erastus","Bronger","ebronger51@hud.gov","Marketing","2019","179825.94"
"24-445-4275","Jaclin","Dunsmore","jdunsmore52@fotki.com","Accounting","2017","124753.24"
"33-665-0638","Gothart","Abraham","gabraham53@illinois.edu","Training","2019","198137.04"
"16-290-8294","Milka","Scurlock","mscurlock54@telegraph.co.uk","Sales","2018","85001.94"
"32-218-5747","Suellen","Trott","STrott@abc.com","Legal","2018","78462.52"
"81-544-6270","Morganne","Ayers","MAyers@abc.com","Training","2015","86533.07"
"43-919-5085","Manfred","Lote","MLote@abc.com","Business Development","2018","199649.53"
"22-199-7706","Helena","Piolli","hpiolli58@webnode.com","Legal","2015","128603.26"
"54-594-0099","Kissie","Thaw","kthaw59@amazon.com","Marketing","2018","130966.77"
"79-164-1314","Nona","Fihelly","NFihelly@abc.com","Product Management","2018","130969.67"
"12-747-0010","Free","Esmead","fesmead5c@digg.com","Product Management","2018","98670.75"
"77-861-5922","Jacklyn","Tremathick","jtremathick5d@chronoengine.com","Support","2017","196659.5"
"91-971-2627","Codi","Huyghe","chuyghe5e@irs.gov","Legal","2016","128944.71"
"04-429-3508","Vyky","Skewes","vskewes5f@joomla.org","Research and Development","2016","150793.37649999998"
"94-801-6183","Cassi","Baggott","cbaggott5h@sakura.ne.jp","Marketing","2018","157037.71"
"41-452-9157","Jacquetta","Ducroe","jducroe5i@merriam-webster.com","Accounting","2018","190138.38"
"90-830-4270","Josephine","Westall","jwestall5j@dot.gov","Human Resources","2015","130917.52"
"51-246-1308","Cos","Allin","CAllin@abc.com","Business Development","2019","77234.67"
"49-238-5038","Winfred","Greenrod","wgreenrod5l@spotify.com","Legal","2018","75179.01"
"97-912-2785","Trudi","Bum","TBum@abc.com","Engineering","2021","70544.4"
"20-164-3642","Gan","Rummings","grummings5n@hhs.gov","Human Resources","2015","194860"
"27-883-6770","Winny","Crosskell","wcrosskell5o@usda.gov","Support","2019","160265.83"
"47-669-0203","Aaren","Patrie","apatrie5p@toplist.cz","Marketing","2021","55429.0065"
"58-617-1363","Celina","Marcinkus","cmarcinkus5q@google.it","Product Management","2017","54017.29"
"71-858-6882","Natty","Myderscough","NMyderscough@abc.com","Business Development","2017","110965.55"
"10-115-9029","Florentia","Gaythor","FGaythor@abc.com","Accounting","2017","193379.95"
"31-843-2953","Guillema","Port","gport5t@ibm.com","Legal","2018","163021.98"
"13-033-1930","Tybie","Chat","TChat@abc.com","Product Management","2018","185437.01"
"19-858-4451","Tuesday","O'Cahey","tocahey5v@scribd.com","Support","2017","109001.73"
"51-998-9281","Lawton","Swann","LSwann@abc.com","Legal","2015","176417.54"
"18-090-1530","Mabel","Carlone","mcarlone5x@blogger.com","Product Management","2017","147877.13"
"64-693-1066","Phillip","Cockings","pcockings5y@vinaora.com","Business Development","2019","154971.23"
"57-890-2776","Malinde","Teague","MTeague@abc.com","Training","2018","158376.77"
"35-714-2162","June","Humpherson","jhumpherson60@ca.gov","Engineering","2021","93764.96399999999"
"85-676-9180","Luciano","Glyn","lglyn61@networkadvertising.org","Business Development","2016","184753.35"
"95-284-1917","Daloris","Westrey","dwestrey62@mashable.com","Marketing","2021","90396.2745"
"76-352-4062","Arvin","Kowalski","akowalski63@ibm.com","Training","2017","105498.78"
"44-889-9057","Shirlee","Georg","SGeorg@abc.com","Support","2019","98369.31"
"63-112-5153","Gerick","Rosenwasser","grosenwasser65@geocities.com","Training","2018","55040.38"
"19-586-8340","Ari","Stubbe","astubbe66@paginegialle.it","Business Development","2015","136767.48"
"36-875-6034","Kayla","Cotillard","kcotillard67@apple.com","Research and Development","2019","79735.419"
"81-975-7236","Nilson","Berthe","NBerthe@abc.com","Research and Development","2016","184137.2175"
"29-552-4464","Delainey","Manklow","dmanklow69@live.com","Training","2015","80745.1"
"23-909-8693","Alex","Dreger","adreger6a@marriott.com","Accounting","2016","84144.43"
"31-526-0433","Chevalier","Puckring","CPuckring@abc.com","Research and Development","2017","121012.862"
"99-684-5977","Flynn","Frontczak","ffrontczak6c@illinois.edu","Support","2019","151527.79"
"10-824-0707","Nanon","Clubb","nclubb6d@technorati.com","Engineering","2021","213401.736"
"14-277-1662","Shay","Eckley","seckley6e@amazon.com","Legal","2016","179339.49"
"93-349-5275","Bond","Huey","bhuey6f@edublogs.org","Legal","2019","103793.11"
"80-271-5819","Nettle","Sheed","nsheed6g@sakura.ne.jp","Human Resources","2015","194579.06"
"75-807-1676","Latia","Longmuir","llongmuir6h@google.fr","Engineering","2021","65452.96799999999"
"84-818-4281","Sandi","Temby","stemby6i@walmart.com","Marketing","2019","178757.24"
"59-830-3721","Arvin","Guilbert","aguilbert6j@psu.edu","Accounting","2018","110259.21"
"07-074-0256","Brigit","Bowdidge","bbowdidge6k@cnbc.com","Training","2017","95499.38"
"48-014-4120","Brew","Bazire","bbazire6l@berkeley.edu","Business Development","2015","154009.55"
"10-255-2874","Ophelia","Ducker","oducker6m@blinklist.com","Research and Development","2018","91714.12099999998"
"53-051-6993","Moina","Frantz","MFrantz@abc.com","Business Development","2018","139698.29"
"32-281-5029","Sean","Rosser","SRosser@abc.com","Accounting","2015","70401.02"
"17-654-0846","Nichole","Mallett","NMallett@abc.com","Support","2015","178989.76"
"00-587-3724","Benson","Johncey","BJohncey@abc.com","Training","2016","175326.13"
"14-302-2362","Edithe","Dalley","edalley6r@washington.edu","Legal","2018","185233.96"
"33-057-9079","Justis","Woloschinski","jwoloschinski6t@adobe.com","Support","2018","123507.26"
"72-289-0195","Etta","Abyss","eabyss6u@surveymonkey.com","Training","2017","109235.81"
"61-719-8945","Joanie","Haworth","JHaworth@abc.com","Marketing","2021","205371.15899999999"
"08-838-8208","Reggie","Iglesiaz","riglesiaz6w@blog.com","Accounting","2019","176819.02"
"09-078-9703","Renelle","Yong","ryong6x@umn.edu","Support","2016","92135.92"
"05-346-1504","Jaine","Summerskill","jsummerskill6y@last.fm","Human Resources","2016","72027.77"
"05-292-5896","Arlie","Yurikov","ayurikov6z@state.tx.us","Legal","2015","162655.83"
"47-071-2610","Jourdain","Vatini","jvatini70@psu.edu","Engineering","2021","65704.284"
"46-228-5880","Derby","Chadbourn","DChadbourn@abc.com","Product Management","2017","71843.15"
"80-106-1460","Zilvia","Gammet","zgammet72@biblegateway.com","Accounting","2015","52276.53"
"25-864-3494","Paige","Piller","ppiller73@bbc.co.uk","Legal","2018","68059.54"
"48-430-9123","Claresta","Wetter","cwetter74@cam.ac.uk","Legal","2015","51651.6"
"03-042-9321","Gavin","Karlolczak","gkarlolczak75@ucoz.ru","Accounting","2018","82530.1"
"88-879-5253","Reginald","Cornill","rcornill76@multiply.com","Training","2015","81352.12"
"04-263-8520","Lin","Kirkam","LKirkam@abc.com","Training","2019","92759.12"
"17-381-7351","Beau","Ambrogioni","BAmbrogioni@abc.com","Engineering","2019","175579.01"
"59-648-3250","Juli","Arton","JArton@abc.com","Human Resources","2016","125766.66"
"62-811-4484","Chloette","Spatarul","cspatarul7b@ehow.com","Support","2015","115896.48"
"60-959-5566","Ashbey","Killeley","akilleley7c@google.fr","Legal","2018","165212.56"
"97-737-3242","Clemmie","Caron","ccaron7d@soup.io","Human Resources","2017","176049.55"
"12-559-2229","Debor","Ashbey","dashbey7e@ovh.net","Product Management","2018","184219.92"
"68-836-9085","Leah","Amey","LAmey@abc.com","Support","2018","97883.35"
"97-520-5381","Allegra","Eakle","aeakle7g@pagesperso-orange.fr","Legal","2018","91531.51"
"62-306-6149","Carlin","Blastock","CBlastock@abc.com","Accounting","2015","163845.14"
"53-366-6133","Pam","Seldon","pseldon7i@macromedia.com","Support","2015","125460.67"
"12-158-5662","Frederich","Ziebart","fziebart7j@devhub.com","Product Management","2017","143884.65"
"30-421-2101","Dayle","Origan","dorigan7k@netlog.com","Business Development","2015","136540.46"
"32-932-6767","Ken","Foard","kfoard7m@netvibes.com","Engineering","2021","61378.78799999999"
"49-672-3359","Cacilia","McPartlin","CMcPartlin@abc.com","Business Development","2019","124187.46"
"53-435-8819","Benny","Saenz","bsaenz7o@blog.com","Legal","2015","152142.94"
"39-662-4698","Erskine","Mussett","EMussett@abc.com","Sales","2016","96761.02"
"85-248-2298","Wells","Burril","WBurril@abc.com","Business Development","2019","64163.71"
"52-143-4203","Idette","Lansdown","ilansdown7r@sciencedaily.com","Training","2016","98050.47"
"06-042-7233","Marijo","Zamora","MZamora@abc.com","Business Development","2016","158060.4"
"36-542-6589","Palm","Terry","pterry7t@ifeng.com","Accounting","2018","65707.24"
"97-723-4901","Maudie","Astlett","mastlett7u@linkedin.com","Marketing","2021","143738.41650000002"
"41-585-4245","Carri","MacAskie","CMacAskie@abc.com","Support","2018","109047.84"
"20-685-1105","Quill","Hellmore","qhellmore7w@sogou.com","Accounting","2015","139328.59"
"57-610-0616","Guillema","Abelevitz","gabelevitz7x@biglobe.ne.jp","Accounting","2017","86525.18"
"31-941-4421","Wynn","Gallegos","wgallegos7y@bluehost.com","Human Resources","2016","118304.52"
"27-636-1289","Estrellita","Hutchcraft","EHutchcraft@abc.com","Product Management","2019","104882.53"
"63-051-1105","Colet","Flintuff","CFlintuff@abc.com","Product Management","2016","128703.92"
"05-686-5325","Adella","Baythorp","abaythorp81@java.com","Accounting","2017","66909.93"
"99-118-8546","Denna","Godfroy","dgodfroy82@boston.com","Marketing","2021","109377.303"
"46-273-4110","Annemarie","Farquarson","AFarquarson@abc.com","Accounting","2019","89419.29"
"72-707-1521","Cristian","Dacke","cdacke84@networksolutions.com","Business Development","2015","195860.53"
"93-094-0491","Nettle","Schwieso","nschwieso85@vistaprint.com","Support","2017","129589.84"
"19-521-0341","Patin","Penelli","PPenelli@abc.com","Product Management","2016","135626.03"
"88-697-5251","Joella","Berndtssen","jberndtssen87@comsenz.com","Support","2018","126107.93"
"96-171-5309","Abram","Rippon","arippon88@time.com","Training","2016","69845.86"
"67-970-9536","Jillene","Bavage","JBavage@abc.com","Training","2018","158470.26"
"43-067-1790","Delcina","Matthewman","DMatthewman@abc.com","Training","2017","56790.81"
"91-706-3024","Evelyn","Rosenstiel","erosenstiel8b@ycombinator.com","Human Resources","2019","64998.16"
"72-078-1960","Angie","Fauning","afauning8c@usa.gov","Business Development","2016","172754.84"
"48-482-6464","Aggie","McGinny","amcginny8d@nih.gov","Engineering","2021","109506.66"
"69-183-7804","Selinda","D'Cruze","sdcruze8f@webmd.com","Training","2017","114699.12"
"99-038-4711","Corene","Bateman","CBateman@abc.com","Research and Development","2016","123151.93899999998"
"08-351-9216","Jinny","Hance","jhance8h@europa.eu","Human Resources","2017","138423.51"
"50-261-4604","Simeon","Watmough","swatmough8i@quantcast.com","Human Resources","2017","94075.71"
"13-823-9485","Moyra","Glazebrook","mglazebrook8j@businessinsider.com","Marketing","2021","128278.99350000001"
"26-990-1927","Fonsie","Meeking","FMeeking@abc.com","Human Resources","2018","97085.86"
"36-862-9130","Catha","Vigneron","cvigneron8l@vimeo.com","Human Resources","2017","129429.62"
"47-545-0412","Kenneth","Kewley","KKewley@abc.com","Accounting","2018","144183.96"
"85-783-3822","Nerti","Spaven","nspaven8n@hexun.com","Support","2015","125486.06"
"22-377-9195","Caryl","Harrhy","charrhy8o@china.com.cn","Marketing","2018","150030.24"
"73-191-7798","Shandy","Butler-Bowdon","sbutlerbowdon8p@walmart.com","Human Resources","2019","140372.6"
"81-639-3239","Aubrey","Ivanchikov","aivanchikov8q@shareasale.com","Legal","2019","164898.78"
"87-053-1778","Nike","Falk","nfalk8r@tripod.com","Human Resources","2019","140821.63"
"20-441-7884","Fern","Clapham","fclapham8s@addtoany.com","Support","2015","196955.92"
"60-844-4283","Drake","D' Angelo","ddangelo8t@zdnet.com","Training","2016","199334.52"
"14-487-2906","Wyatt","McLarty","wmclarty8u@addtoany.com","Research and Development","2015","179533.071"
"10-803-4973","Quintus","Mitro","QMitro@abc.com","Marketing","2021","110666.19900000001"
"06-594-3946","Victoria","Thunders","vthunders8w@etsy.com","Support","2015","116830.62"
"95-339-0836","Brandais","Bedminster","bbedminster8x@simplemachines.org","Training","2018","134041.99"
"60-993-5704","Prissie","Lavalde","plavalde8z@nba.com","Engineering","2021","208743.13199999998"
"28-137-9729","Ashien","Harness","aharness90@home.pl","Business Development","2017","181419"
"55-342-0921","Gui","Steadman","gsteadman91@npr.org","Engineering","2021","143062.62"
"52-236-5410","Sheppard","Swale","sswale92@nifty.com","Marketing","2021","100080.0675"
"99-264-2550","Francklin","Kibbe","fkibbe93@examiner.com","Marketing","2018","155078.79"
"43-950-7146","Olympie","Brody","obrody94@skyrock.com","Training","2015","52407.92"
"04-778-5102","Eva","Greste","egreste95@jalbum.net","Research and Development","2016","180831.664"
"45-960-4253","Constantine","Warde","CWarde@abc.com","Support","2015","89021.07"
"35-832-7366","Trescha","Langeren","tlangeren97@mapquest.com","Product Management","2019","171892.37"
"87-389-5555","Ransom","Faiers","RFaiers@abc.com","Legal","2015","147038.02"
"64-987-7398","Andonis","Avard","AAvard@abc.com","Engineering","2021","239260.476"
"18-042-3828","Lyell","Beceril","lbeceril9b@infoseek.co.jp","Accounting","2017","187685.21"
"19-586-8816","Erik","West","EWest@abc.com","Support","2016","55654.58"
"45-557-3380","Gretel","Karlsson","GKarlsson@abc.com","Support","2015","85531.52"
"97-322-2220","Chere","Jouhning","cjouhning9e@twitpic.com","Human Resources","2016","64372.45"
"13-376-4580","Barbara","Wilkennson","BWilkennson@abc.com","Support","2017","56689.5"
"11-040-6615","Darnell","MacEllen","dmacellen9g@storify.com","Research and Development","2019","162009.87449999998"
"55-352-9352","Niels","Basini-Gazzi","nbasinigazzi9h@va.gov","Marketing","2021","87890.145"
"21-004-8687","Uri","Lindermann","ulindermann9i@webmd.com","Support","2017","189767.33"
"85-679-9778","Garrek","Jocic","gjocic9j@ftc.gov","Engineering","2019","87610.29"
"78-572-7845","Wilone","Raiman","wraiman9k@istockphoto.com","Legal","2018","157870.11"
"50-483-6099","Rudie","Wem","RWem@abc.com","Marketing","2018","183008.01"
"28-357-0368","Francoise","Saladine","FSaladine@abc.com","Legal","2018","175381.14"
"64-422-0334","Minne","Andrea","mandrea9n@yahoo.com","Training","2017","177274.45"
"71-482-1993","Jeramey","Barca","jbarca9o@cornell.edu","Marketing","2021","108235.113"
"97-070-0667","Dionis","Imms","dimms9p@nbcnews.com","Legal","2015","53771.17"
"11-270-4100","Rudiger","Spiniello","RSpiniello@abc.com","Human Resources","2019","107611.47"
"11-244-6529","Elmore","Haselden","ehaselden9r@networksolutions.com","Business Development","2018","91272.82"
"10-688-7956","Justina","Jenny","jjenny9s@vkontakte.ru","Research and Development","2018","111928.32549999999"
"02-394-8425","Staffard","Switland","sswitland9t@twitter.com","Research and Development","2018","75352.6225"
"96-938-6936","Giulia","Eastabrook","geastabrook9u@irs.gov","Engineering","2021","112220.52"
"64-614-3572","Dagmar","Fernyhough","dfernyhough9v@dailymail.co.uk","Accounting","2019","82162.72"
"57-584-0755","Seana","Potapczuk","SPotapczuk@abc.com","Sales","2015","91547.46"
"73-393-9047","Murry","Coultar","MCoultar@abc.com","Legal","2016","180686.29"
"67-854-3041","Leah","Olivet","lolivet9y@wsj.com","Accounting","2017","167566.69"
"98-195-1831","Linn","Battelle","lbattelle9z@yelp.com","Marketing","2021","200569.677"
"12-904-5728","Norry","Stuke","nstukea0@techcrunch.com","Accounting","2016","197229.29"
"65-631-5422","Casie","Johananoff","cjohananoffa1@github.com","Research and Development","2015","59294.3545"
"13-851-9555","Annora","Ancell","aancella2@state.gov","Training","2018","57178.21"
"42-608-4066","Jesus","Baser","jbasera3@angelfire.com","Support","2016","176501.77"
"26-305-6466","Goddart","Alcock","galcocka4@nhs.uk","Engineering","2019","81182.58"
"62-453-1941","Terri","Penn","tpenna5@ezinearticles.com","Marketing","2021","57297.408"
"80-507-9821","Dudley","Bray","dbraya7@google.com.au","Research and Development","2017","150842.71949999998"
"90-097-2709","Rufe","Aldrich","raldricha8@flickr.com","Marketing","2018","56234.94"
"38-689-1408","Shamus","Rock","srocka9@boston.com","Human Resources","2019","90570.24"
"58-494-0334","Marysa","Eisenberg","meisenbergaa@whitehouse.gov","Business Development","2015","114744.08"
"07-009-5417","Kendall","Grigoli","kgrigoliab@canalblog.com","Marketing","2021","189577.374"
"15-481-9431","Tabatha","Crockley","tcrockleyac@hp.com","Accounting","2017","58389.45"
"24-218-5994","Jerald","Sivill","jsivillae@cdc.gov","Support","2016","154707.18"
"36-770-5855","Edvard","Naerup","ENaerup@abc.com","Product Management","2015","173723.54"
"44-820-1279","Raeann","Mansford","RMansford@abc.com","Accounting","2018","159536.93"
"62-770-0691","Dorthea","Rustman","DRustman@abc.com","Research and Development","2018","178640.36549999999"
"62-310-3317","Evvy","Collinge","ECollinge@abc.com","Legal","2019","101694.84"
"01-994-7522","Mayne","Fenner","mfennerak@hhs.gov","Human Resources","2016","168786.85"
"46-071-9433","Gradey","Storry","gstorryal@about.me","Training","2016","109674.9"
"97-972-2855","Diann","Airlie","dairlieam@reddit.com","Business Development","2017","57217.47"
"33-565-1113","Cassie","Odeson","codesonan@npr.org","Support","2018","148967.89"
"65-534-6373","Lorant","Sleith","lsleithao@photobucket.com","Business Development","2016","95068.75"
"07-938-8264","Deloris","Maben","dmabenaq@google.cn","Marketing","2021","121157.25300000001"
"03-033-9055","Giffie","Padgett","gpadgettar@yahoo.com","Marketing","2021","85991.5035"
"60-889-6435","Zuzana","Humberstone","ZHumberstone@abc.com","Human Resources","2015","116886.8"
"32-714-7495","Gelya","Rutley","GRutley@abc.com","Accounting","2019","193955.9"
"21-157-2381","Nettle","Older","nolderau@unblog.fr","Training","2015","75978.52"
"37-050-8031","Ruby","Dron","RDron@abc.com","Support","2016","74256.65"
"24-830-0372","Melonie","Meier","mmeieraw@google.nl","Engineering","2019","141501.79"
"45-466-5484","Shaina","Lamartine","slamartineax@go.com","Product Management","2015","70593.38"
"09-258-0326","Claretta","Aronstam","caronstamay@microsoft.com","Marketing","2019","138624.03"
"14-019-3702","Bealle","Peacham","bpeachamaz@wikimedia.org","Legal","2016","197334.1"
"19-532-9256","George","Tournay","GTournay@abc.com","Training","2018","113745.79"
"30-862-7770","Grace","Elstub","gelstubb1@elpais.com","Human Resources","2017","148849.52"
"55-008-3550","Patrizia","Garber","pgarberb2@mashable.com","Business Development","2017","121476.61"
"52-672-1138","Angil","Curnok","ACurnok@abc.com","Human Resources","2015","82235.54"
"88-502-9210","Nollie","Buckles","nbucklesb4@businessinsider.com","Research and Development","2017","163542.5475"
"57-406-1794","Joline","Syphus","jsyphusb5@smh.com.au","Research and Development","2019","78846.6465"
"72-579-1899","Alla","Parrot","aparrotb6@alexa.com","Business Development","2016","152056.14"
"60-403-2250","Deana","Beard","dbeardb7@ebay.co.uk","Research and Development","2019","70827.668"
"20-815-4104","Karlis","Kolin","KKolin@abc.com","Engineering","2021","86774.088"
"15-016-7307","Warner","Townby","wtownbyb9@ucoz.ru","Human Resources","2019","75102.23"
"86-397-4628","Jedd","Casford","jcasfordba@twitter.com","Support","2017","128368.21"
"27-437-7166","Kimball","Lowsely","klowselybb@craigslist.org","Engineering","2019","63279.03"
"76-549-5731","Missie","Hocking","mhockingbc@webs.com","Product Management","2016","122158.25"
"27-041-8347","Ethelda","Davet","EDavet@abc.com","Human Resources","2016","108961.66"
"96-096-4028","Marie-jeanne","Deesly","MDeesly@abc.com","Support","2018","100180.18"
"19-744-5539","Lodovico","Isaacs","lisaacsbf@pinterest.com","Legal","2018","123484.06"
"75-966-0234","Lacee","Dancy","ldancybg@msn.com","Legal","2019","161871.32"
"52-034-5930","Patrizius","Crapper","pcrapperbh@arizona.edu","Accounting","2016","93769.73"
"14-658-2827","Luciano","Havers","lhaversbi@sphinn.com","Marketing","2019","185080.54"
"32-508-3378","La verne","Trench","ltrenchbj@360.cn","Legal","2017","66885.62"
"30-031-8514","Maurie","Cowherd","mcowherdbk@hp.com","Research and Development","2016","86266.9065"
"65-549-4079","Hastings","Rubinivitz","hrubinivitzbl@cbsnews.com","Support","2016","161273.6"
"96-110-5540","Sunny","Lassey","slasseybm@omniture.com","Engineering","2019","155933.9"
"98-397-9864","Evangelia","Couve","ecouvebn@parallels.com","Accounting","2015","121363.73"
"44-239-0324","Orsola","Nizet","ONizet@abc.com","Support","2015","59991.76"
"43-936-7767","Rosa","Hazeldean","rhazeldeanbp@youku.com","Legal","2017","129099.11"
"57-734-7299","Wilburt","McClintock","wmcclintockbr@harvard.edu","Product Management","2019","196605.02"
"57-682-9702","Burnard","Hawkeridge","bhawkeridgebs@tinypic.com","Support","2016","85210.09"
"73-997-1541","Forester","McClory","fmcclorybt@bbb.org","Business Development","2018","67618.83"
"14-978-2153","Pace","Tabbernor","ptabbernorbu@eepurl.com","Business Development","2018","102699.86"
"62-587-2857","Evan","Barkus","ebarkusbv@acquirethisname.com","Product Management","2017","192790.32"
"03-639-7819","Pepillo","Kehri","pkehribw@blogtalkradio.com","Research and Development","2015","98152.6985"
"41-034-1319","Rodger","Fryers","rfryersbx@sciencedaily.com","Accounting","2017","80118.43"
"12-175-5686","Sheelah","Harrild","sharrildby@hud.gov","Human Resources","2016","95295.95"
"09-917-9503","Myrta","Coot","mcootbz@discuz.net","Support","2015","82233.4"
"21-779-1852","Tamas","Arnaldo","TArnaldo@abc.com","Business Development","2019","155061.94"
"76-679-7989","Ravi","Limb","RLimb@abc.com","Engineering","2021","205037.412"
"53-750-8547","Kassey","Oxlade","koxladec2@google.com.br","Legal","2018","173420.41"
"87-846-1010","Vivianna","Willows","vwillowsc3@wunderground.com","Training","2017","79072.28"
"64-043-3862","Forester","Coase","fcoasec4@google.nl","Marketing","2021","186752.5485"
"76-688-8791","Luciano","Shillitto","lshillittoc5@list-manage.com","Marketing","2021","125220.92100000002"
"87-482-4235","Karalynn","Quade","kquadec6@i2i.jp","Legal","2015","78114.34"
"54-906-3654","Gilligan","Fullerton","GFullerton@abc.com","Sales","2018","63658.54"
"74-442-9435","Jeanelle","Leathart","JLeathart@abc.com","Product Management","2015","102041.31"
"08-241-4626","Molly","Josipovic","mjosipovicc9@google.ca","Product Management","2017","156045.09"
"95-808-8795","Tim","Brydson","tbrydsonca@example.com","Training","2016","108310.16"
"38-659-7550","Boy","Gergus","bgerguscb@vk.com","Legal","2015","190972.15"
"08-565-1489","Marge","Lambshine","MLambshine@abc.com","Support","2017","60732.85"
"45-812-7742","Ludvig","Mucklestone","lmucklestonecd@harvard.edu","Training","2017","73276.62"
"20-945-1865","Kellsie","Guterson","KGuterson@abc.com","Human Resources","2018","62567.82"
"44-588-3288","Stacia","Dabner","sdabnercf@cmu.edu","Sales","2016","83521.86"
"59-749-4572","Cammy","Canelas","CCanelas@abc.com","Business Development","2018","93411.52"
"24-816-2458","Kirbee","Derisly","kderislyci@bluehost.com","Business Development","2017","118827.48"
"64-061-5693","Edith","Siemon","esiemoncj@google.it","Support","2016","197789.88"
"63-140-7895","Tildi","Fazakerley","tfazakerleyck@home.pl","Training","2016","86889.66"
"54-451-6247","Willy","Whitwell","wwhitwellcl@lycos.com","Business Development","2016","81370.8"
"32-481-8131","Cletus","Fullerton","CFullerton@abc.com","Engineering","2021","153341.90399999998"
"12-213-8067","Dorey","Pennycord","dpennycordco@cnet.com","Product Management","2017","73808.69"
"70-249-3193","Lusa","Mainland","LMainland@abc.com","Support","2016","108571.21"
"91-472-8184","Lorena","Goundsy","lgoundsycq@goodreads.com","Business Development","2017","140258.75"
"96-658-3596","Rickert","Sherlaw","rsherlawcr@soundcloud.com","Human Resources","2016","174301.72"
"87-288-1630","Ellerey","Brydell","EBrydell@abc.com","Human Resources","2016","55366.97"
"26-175-4175","Baillie","Kedslie","bkedsliect@hao123.com","Business Development","2017","53960.53"
"75-943-5424","Chrysler","Winspur","cwinspurcu@over-blog.com","Support","2018","52894.97"
"12-978-9729","Brandy","Segge","bseggecv@time.com","Support","2017","77042.26"
"33-808-1116","Martina","Hardeman","mhardemancw@adobe.com","Business Development","2019","116526.41"
"50-683-4546","Adda","Meynell","ameynellcx@nbcnews.com","Legal","2017","148082.23"
"96-078-6795","Brietta","Huby","bhubycz@networksolutions.com","Training","2019","104245.18"
"34-537-2748","Meir","Gwillym","mgwillymd0@exblog.jp","Accounting","2017","120263.74"
"48-384-4162","Vanessa","Albury","valburyd1@microsoft.com","Business Development","2019","199070.98"
"67-419-8819","Alaster","Bratt","abrattd3@hubpages.com","Support","2015","103529.73"
"75-443-4207","Eustacia","Boffey","EBoffey@abc.com","Product Management","2015","96702.66"
"08-397-4074","Adela","Rennicks","arennicksd5@shareasale.com","Legal","2015","152725.31"
"91-674-5428","Peria","Rankling","PRankling@abc.com","Product Management","2017","70605.75"
"49-332-6031","Borg","Hannibal","bhannibald8@sciencedirect.com","Accounting","2019","90118.02"
"93-330-8277","Tamera","Joel","tjoeld9@ask.com","Research and Development","2016","132017.39599999998"
"26-123-6614","Korney","Kalisz","kkaliszda@wordpress.com","Support","2018","99505.47"
"40-397-1778","Jody","Wiggin","JWiggin@abc.com","Business Development","2016","65207.56"
"33-319-4849","Douglass","Rief","driefdc@zimbio.com","Support","2015","182132.92"
"81-582-4818","Irena","Curtois","icurtoisdd@amazon.de","Business Development","2018","70613.27"
"94-567-7604","Brandtr","MacChaell","bmacchaellde@engadget.com","Engineering","2021","219550.74000000002"
"21-946-1943","Maison","Messitt","mmessittdf@wsj.com","Training","2016","187889.83"
"28-648-6511","Imelda","Attwooll","IAttwooll@abc.com","Sales","2015","81041.89"
"33-690-1111","Paulie","Brian","pbriandh@mozilla.org","Business Development","2019","52407.55"
"73-578-2114","Hunt","Towson","htowsondi@163.com","Human Resources","2015","118206.31"
"85-568-5273","Daisie","Deetlefs","ddeetlefsdj@usgs.gov","Human Resources","2019","172096.66"
"36-894-9200","Walther","Benasik","wbenasikdk@wufoo.com","Business Development","2017","134421.97"
"37-142-3227","Madel","Humfrey","mhumfreydl@a8.net","Human Resources","2015","198090.86"
"10-659-0561","Mira","Blewmen","mblewmendm@issuu.com","Marketing","2021","122629.038"
"56-379-5138","Nickola","Jevon","NJevon@abc.com","Legal","2019","133291.4"
"14-525-2885","Domingo","Elsmore","delsmoredo@weibo.com","Engineering","2021","126542.82"
"40-580-6435","Dix","Wodeland","dwodelanddp@arstechnica.com","Product Management","2016","183770.56"
"31-147-9516","Giorgio","Lermit","glermitdq@pcworld.com","Human Resources","2018","149263.49"
"84-377-7616","Beverie","Leary","blearydr@so-net.ne.jp","Product Management","2015","186009.86"
"73-705-3662","Sybille","Geibel","sgeibelds@admin.ch","Business Development","2017","166316.06"
"74-204-0737","Wallis","Mashal","WMashal@abc.com","Support","2016","163972.03"
"46-239-6393","Elden","Winterborne","ewinterbornedu@army.mil","Human Resources","2016","73117.04"
"81-040-4016","Stephi","Degue","sdeguedv@rambler.ru","Sales","2015","61966.31"
"11-776-4573","Melita","Sharville","msharvilledw@archive.org","Business Development","2019","86890.1"
"99-374-8023","Bogey","Stolworthy","bstolworthydx@abc.net.au","Engineering","2021","112271.568"
"07-222-8735","Averil","Kirton","akirtondy@apple.com","Legal","2018","192199.97"
"61-635-3049","Bettine","Seamer","BSeamer@abc.com","Business Development","2015","95584.77"
"10-069-5352","Valene","Ginie","vginiee0@wufoo.com","Training","2019","191054"
"68-636-2417","Elvina","Probert","eproberte1@nytimes.com","Human Resources","2015","139805.08"
"70-481-2050","Sydel","Hawkswood","shawkswoode2@hp.com","Product Management","2015","164322.92"
"38-822-7346","Herschel","Allkins","hallkinse3@imageshack.us","Human Resources","2016","141172.56"
"84-772-2508","Gail","Murdy","gmurdye4@last.fm","Business Development","2019","139184.14"
"33-102-4421","Huey","Aubury","hauburye6@zimbio.com","Training","2015","99253.46"
"80-573-8501","Humfrey","Dodell","hdodelle7@barnesandnoble.com","Human Resources","2017","132507.17"
"52-428-9467","Ashla","Louden","aloudene8@surveymonkey.com","Training","2018","116405.75"
"78-088-0408","Tomas","Bardsley","tbardsleye9@blog.com","Business Development","2017","142944.97"
"59-042-0069","Lorry","Vittori","lvittorieb@fc2.com","Support","2018","54883.07"
"15-754-7729","Aurthur","Lawrey","alawreyec@merriam-webster.com","Support","2019","113530.35"
"07-611-6877","Bertie","Minker","bminkered@tamu.edu","Research and Development","2015","186962.92599999998"
"04-754-7036","Creight","Axleby","caxlebyee@guardian.co.uk","Support","2018","178160.97"
"19-801-3350","Teresa","Duchesne","tduchesneef@virginia.edu","Accounting","2015","78023.29"
"39-166-4074","Christoforo","Tipperton","ctippertoneg@forbes.com","Legal","2015","124591.82"
"05-276-0156","Lavena","Blasio","lblasioeh@jalbum.net","Research and Development","2015","136870.95549999998"
"96-039-8052","Cybil","Piecha","CPiecha@abc.com","Training","2018","117373.39"
"35-369-5021","Corny","Arenson","CArenson@abc.com","Support","2015","124906.74"
"48-164-0578","Luke","Broadberry","lbroadberryek@rediff.com","Training","2017","184743.28"
"93-608-2659","Edee","Darree","EDarree@abc.com","Legal","2017","120228.21"
"51-995-2743","Claudine","Kalberer","CKalberer@abc.com","Product Management","2015","79511.77"
"82-283-5277","Glenda","Hourahan","ghourahanen@skype.com","Business Development","2016","77055.87"
"91-206-6889","Nollie","Goffe","NGoffe@abc.com","Marketing","2019","149019.49"
"82-661-1655","Neilla","Bowry","nbowryep@lulu.com","Engineering","2021","216333.43199999997"
"99-804-4694","Brannon","Passie","bpassieeq@topsy.com","Marketing","2021","52909.2375"
"20-398-8848","Latashia","Jonsson","LJonsson@abc.com","Product Management","2018","77350.48"
"93-660-5261","Homer","MacUchadair","hmacuchadairet@noaa.gov","Business Development","2019","87599.02"
"95-164-5360","Glyn","Baiden","gbaideneu@princeton.edu","Sales","2018","54748.34"
"78-516-4302","Rodolph","Ratt","RRatt@abc.com","Training","2018","112868.96"
"79-154-8501","Humfried","Hess","HHess@abc.com","Sales","2019","53490.86"
"63-189-6724","Hubie","Rouf","hroufex@hibu.com","Marketing","2021","207357.16050000003"
"36-347-8836","Renae","Hrinchenko","RHrinchenko@abc.com","Research and Development","2018","85516.3115"
"36-566-9395","Colette","Gledhall","cgledhallez@bbc.co.uk","Engineering","2021","134814.876"
"71-626-9420","Edlin","Masselin","EMasselin@abc.com","Engineering","2021","162326.60400000002"
"69-751-7049","Deva","Faux","DFaux@abc.com","Research and Development","2015","72529.574"
"03-722-5249","Giulietta","Howsden","ghowsdenf2@huffingtonpost.com","Training","2018","71943.38"
"45-962-6257","Dalis","Hanselmann","dhanselmannf3@deliciousdays.com","Sales","2017","65957.74"
"73-372-1339","Gwynne","Barok","gbarokf4@imdb.com","Support","2016","134361.49"
"76-207-3323","Farrah","Fussell","ffussellf5@qq.com","Engineering","2021","81369.81599999999"
"49-965-4124","Emlen","Pifford","epiffordf6@qq.com","Accounting","2017","143103.68"
"76-357-6174","Marti","Mangeot","mmangeotf7@si.edu","Accounting","2019","65702.59"
"82-621-8541","Christin","Lambertazzi","clambertazzif8@aol.com","Product Management","2018","145002.99"
"51-170-5545","Sissy","Kirrage","skirragef9@geocities.jp","Marketing","2021","68724.61050000001"
"06-521-9977","Alexandre","Fleming","aflemingfa@hp.com","Research and Development","2017","87195.56"
"95-833-6010","Joe","Glanester","jglanesterfb@a8.net","Support","2017","60541.37"
"34-384-6245","Wyatt","Lindro","wlindrofc@prweb.com","Engineering","2021","157045.284"
"26-275-9283","Angelita","Eshmade","aeshmadefd@oaic.gov.au","Accounting","2018","157594.73"
"08-060-8560","Evey","Rawlins","ERawlins@abc.com","Sales","2018","59822.3"
"19-645-2447","Garrard","McCrory","gmccroryff@fc2.com","Research and Development","2017","133360.335"
"15-212-8998","Simonne","Boyat","SBoyat@abc.com","Business Development","2015","135803.17"
"50-838-2360","Stanly","Sheivels","ssheivelsfh@who.int","Support","2017","140275.58"
"84-143-5741","Avram","Philipsen","aphilipsenfi@linkedin.com","Research and Development","2019","73299.9385"
"47-214-2665","Martelle","Ledwith","mledwithfj@census.gov","Product Management","2019","77892.99"
"68-840-5805","Irina","Bonifazio","ibonifaziofk@nifty.com","Research and Development","2019","56333.7555"
"60-244-2351","Benedicta","Waddy","bwaddyfl@paginegialle.it","Accounting","2015","61118.48"
"08-103-7025","Merrel","Antognazzi","mantognazzifm@google.pl","Engineering","2021","236040.77999999997"
"88-015-1354","Neill","Wathall","nwathallfn@wordpress.com","Accounting","2015","67033.28"
"08-779-6508","Adolf","Cornell","ACornell@abc.com","Engineering","2021","221749.992"
"36-907-6851","Christel","Murkus","cmurkusfp@infoseek.co.jp","Research and Development","2018","150202.524"
"58-787-8452","Fernandina","O'Hartnedy","fohartnedyfq@ifeng.com","Business Development","2015","101399.81"
"05-333-0474","Wadsworth","Mossman","wmossmanfr@cafepress.com","Research and Development","2016","117659.4855"
"30-483-6017","Homerus","Stegel","hstegelfs@over-blog.com","Business Development","2019","72846.43"
"78-346-8903","Anneliese","Luciani","alucianift@businessinsider.com","Research and Development","2016","90319.6065"
"69-635-1756","Lorry","Ziemecki","lziemeckifu@blinklist.com","Engineering","2021","188523.276"
"82-991-1178","Crista","Domoni","cdomonifw@ucsd.edu","Legal","2018","93967.46"
"03-587-8055","Gardner","Tanzer","gtanzerfy@twitpic.com","Product Management","2019","152330.47"
"79-537-0396","Shaylynn","Gocher","sgocherfz@kickstarter.com","Training","2016","99470.16"
"75-235-1563","Gretchen","Chidley","gchidleyg0@japanpost.jp","Training","2019","115405.2"
"19-253-6198","Josephine","Sprackling","jspracklingg1@aol.com","Product Management","2016","173430.55"
"82-265-7466","Brantley","Musgrave","bmusgraveg2@toplist.cz","Business Development","2017","107616.07"
"94-283-3201","Jard","Pedley","JPedley@abc.com","Research and Development","2019","111458.75949999999"
"98-882-8541","Eolanda","Herrieven","eherrieveng4@harvard.edu","Accounting","2019","84704.76"
"69-347-9715","Jennette","Pestridge","JPestridge@abc.com","Support","2017","73266.3"
"61-139-1166","Kahaleel","Tsar","ktsarg6@msn.com","Research and Development","2018","128042.9855"
"07-032-0216","Ives","Stolze","istolzeg7@nbcnews.com","Product Management","2019","173901.66"
"36-410-0449","Wallis","Pirrone","wpirroneg8@google.ca","Training","2017","110344.2"
"60-197-6371","Sandy","Burk","SBurk@abc.com","Business Development","2018","71842.97"
"65-181-4009","Pyotr","Seman","psemanga@usa.gov","Legal","2015","107305.66"
"50-427-5355","Rozelle","Glendenning","RGlendenning@abc.com","Support","2019","114911.56"
"64-982-5074","Modestia","Hudspith","MHudspith@abc.com","Training","2016","128352.94"
"07-642-1174","Dreddy","Gaffer","dgafferge@upenn.edu","Research and Development","2018","186334.5485"
"99-169-6968","Murray","Prettyman","mprettymangf@redcross.org","Business Development","2019","162444.52"
"11-682-0792","Selig","Grindall","SGrindall@abc.com","Business Development","2019","91534.77"
"59-356-3627","Mandi","Reeves","mreevesgh@live.com","Marketing","2018","84054.25"
"43-926-7467","Marylou","Jancar","MJancar@abc.com","Product Management","2018","162510.27"
"19-178-4556","Vance","Maidens","VMaidens@abc.com","Business Development","2016","102701.75"
"99-502-2394","Will","Merriman","wmerrimangk@netlog.com","Human Resources","2017","106862.6"
"93-146-7717","Giuditta","Bewshaw","gbewshawgl@moonfruit.com","Support","2016","87228.66"
"05-871-9327","Buckie","Hakewell","bhakewellgm@i2i.jp","Business Development","2018","185404.67"
"98-794-0042","Barnebas","Peat","bpeatgn@jalbum.net","Engineering","2021","133847.568"
"02-286-8778","Jess","Camoys","jcamoysgo@patch.com","Business Development","2018","172425.94"
"47-407-4649","Arline","Coogan","acoogangp@macromedia.com","Marketing","2021","121863.189"
"28-310-6572","Wade","Grunwall","wgrunwallgq@gravatar.com","Accounting","2015","65957.5"
"97-848-1057","Wildon","Whittlesee","wwhittleseegr@amazon.co.jp","Research and Development","2015","162160.22149999999"
"56-799-3645","Roi","Colls","rcollsgt@g.co","Research and Development","2019","48580.5585"
"87-305-6021","Gregg","Daskiewicz","gdaskiewiczgu@prweb.com","Sales","2018","73169.23"
"38-544-5850","Leoline","Halbord","lhalbordgv@sbwire.com","Human Resources","2016","130225.22"
"30-203-8825","Caresse","Nutt","cnuttgw@goodreads.com","Engineering","2019","129525.51"
"41-442-6036","Tristan","Gofforth","TGofforth@abc.com","Training","2019","114709.42"
"25-352-0051","Nate","Earley","NEarley@abc.com","Legal","2016","160376.28"
"16-478-1151","Reiko","Flann","rflannh0@delicious.com","Human Resources","2019","113307"
"86-236-9632","Chrysa","Lob","CLob@abc.com","Product Management","2018","138573.27"
"41-145-6429","Ferrell","Reen","FReen@abc.com","Human Resources","2016","110048.74"
"83-732-4906","Rowney","Golley","rgolleyh3@is.gd","Marketing","2019","84125.95"
"53-001-3885","Putnem","Scotchford","PScotchford@abc.com","Legal","2015","155061.84"
"89-651-5729","Ozzie","Nelson","onelsonh5@meetup.com","Human Resources","2015","139730.04"
"97-523-3290","Arabel","Martinelli","amartinellih6@blogtalkradio.com","Engineering","2021","149525.292"
"66-694-1503","Addison","Follos","afollosh7@dedecms.com","Training","2017","130876.97"
"34-604-4395","Renae","Beckinsale","rbeckinsaleh8@hhs.gov","Support","2017","77776.23"
"30-772-4436","Cornall","Deniseau","cdeniseauh9@weibo.com","Legal","2019","87344.82"
"73-778-4875","Mariya","Harnett","MHarnett@abc.com","Legal","2016","74073.19"
"39-945-3548","Lori","Goodhand","lgoodhandhb@discovery.com","Product Management","2017","175229.48"
"66-887-9358","Krisha","Keston","KKeston@abc.com","Engineering","2021","190149.25199999998"
"55-535-0307","Ainslie","Killoran","akilloranhd@example.com","Research and Development","2019","139238.46"
"51-715-6170","Aeriela","Skouling","ASkouling@abc.com","Legal","2019","106124.87"
"98-594-4726","Sigfried","Alford","salfordhf@quantcast.com","Engineering","2019","105213.97"
"99-762-5567","Eleanor","Windle","ewindlehg@booking.com","Support","2019","168046.84"
"66-080-9234","Roxy","Sowthcote","rsowthcotehh@patch.com","Engineering","2021","219970.32"
"23-787-5303","Lillian","Crafts","lcraftshi@ucoz.ru","Training","2017","125600.13"
"72-508-4028","Jacquetta","McVittie","jmcvittiehj@addtoany.com","Business Development","2019","52879.41"
"67-116-4714","Mariya","Lealle","MLealle@abc.com","Accounting","2015","174587.49"
"86-846-1176","Pierce","Upstone","PUpstone@abc.com","Sales","2018","62397.44"
"18-996-1658","Garvey","Thickens","gthickenshm@t-online.de","Research and Development","2017","141339.63199999998"
"43-916-8784","Brennan","Golston","bgolstonhn@123-reg.co.uk","Research and Development","2018","47671.38"
"35-397-0434","Florina","Laurie","FLaurie@abc.com","Training","2018","163560.95"
"88-693-7383","Roselle","Blackbourn","rblackbournhp@wp.com","Research and Development","2015","147439.829"
"44-770-9146","Berkly","Goodband","bgoodbandhq@earthlink.net","Accounting","2018","121959.33"
"25-000-2353","Andris","Sturney","asturneyhr@skyrock.com","Product Management","2018","140989.21"
"76-309-3243","Lou","Eagleston","LEagleston@abc.com","Human Resources","2018","156039.49"
"84-963-6067","Morlee","Cisar","MCisar@abc.com","Support","2019","198938.17"
"04-973-5377","Minta","Gommery","mgommeryhu@intel.com","Engineering","2021","95233.116"
"78-540-3085","Jess","Fernehough","jfernehoughhv@vimeo.com","Support","2019","197701.75"
"68-229-7390","Arie","Deakes","adeakeshw@uiuc.edu","Business Development","2019","121471.1"
"21-232-8355","Claudius","Benedek","cbenedekhx@godaddy.com","Engineering","2021","168811.356"
"55-566-7468","Willow","Kiessel","wkiesselhy@narod.ru","Product Management","2017","148841"
"65-303-0305","Anna-maria","Grushin","agrushinhz@macromedia.com","Engineering","2021","128373.132"
"41-637-5545","Olivette","Girogetti","ogirogettii0@fda.gov","Product Management","2016","170141.04"
"23-106-7709","Washington","Gounot","wgounoti1@cbslocal.com","Human Resources","2017","111052.02"
"78-536-0953","Dominik","Benger","DBenger@abc.com","Accounting","2017","168862.91"
"36-020-7555","Brandy","Bannister","BBannister@abc.com","Marketing","2021","147271.3305"
"35-322-6448","Pavlov","Blunn","pblunni4@wufoo.com","Engineering","2021","231037.29599999997"
"59-613-1257","Ev","Peile","EPeile@abc.com","Accounting","2016","105981.64"
"26-233-9682","Larine","Stribling","LStribling@abc.com","Business Development","2017","180151.18"
"78-127-5883","Bobby","Bramont","bbramonti7@dyndns.org","Product Management","2018","175154.24"
"11-405-6260","Odilia","Mistry","omistryi8@blogs.com","Human Resources","2019","108800.76"
"33-988-3637","Papagena","Guidetti","PGuidetti@abc.com","Marketing","2021","203442.24599999998"
"35-497-2287","Stoddard","Wattam","swattamib@icq.com","Support","2019","51493.73"
"44-461-5787","Clem","Pimer","cpimeric@accuweather.com","Support","2017","169134.76"
"13-519-8494","Henri","Le Fevre","HLe Fevre@abc.com","Sales","2016","98916.59"
"53-877-6324","Jewell","Blinder","jblinderie@digg.com","Accounting","2017","78991.22"
"20-096-6623","Tiffi","Niemetz","tniemetzif@creativecommons.org","Support","2018","120953.25"
"92-048-7037","Toddy","Heiton","theitonig@gnu.org","Marketing","2021","130176.97350000001"
"43-912-5126","Jamison","Bernardoni","jbernardoniih@opensource.org","Product Management","2015","174576.4"
"14-684-4184","Brandy","Drohan","bdrohanii@unc.edu","Support","2016","72108.81"
"56-326-0160","Faina","Goulstone","FGoulstone@abc.com","Accounting","2015","88588.1"
"85-505-8639","Lonny","Hedley","lhedleyik@google.es","Human Resources","2016","139503.85"
"51-125-5101","Elaine","Measham","EMeasham@abc.com","Marketing","2019","91160.6"
"10-518-2115","Aileen","Michael","amichaelim@printfriendly.com","Training","2017","108143.76"
"39-259-8584","Dorolice","Hayley","dhayleyin@ted.com","Human Resources","2015","141908.45"
"96-925-7368","Gabie","Rivelin","GRivelin@abc.com","Accounting","2017","167789.27"
"15-732-7295","Giordano","Crank","GCrank@abc.com","Engineering","2021","98278.10399999999"
"78-639-8400","Reggie","Oglesbee","roglesbeeiq@chronoengine.com","Research and Development","2017","51013.1"
"45-600-8490","Jesselyn","Moxom","jmoxomis@hibu.com","Training","2018","63067.24"
"29-020-2459","Cooper","Broadbere","cbroadbereit@weebly.com","Human Resources","2017","67747.11"
"98-282-5010","Vachel","Strewthers","vstrewthersiu@smh.com.au","Accounting","2018","120258.36"
"54-505-7100","Elliot","Carneck","ECarneck@abc.com","Product Management","2019","86286.24"
"18-345-3263","Waylen","Noble","wnobleiw@xing.com","Support","2016","62168.3"
"22-408-9010","Tamara","Lamberton","TLamberton@abc.com","Business Development","2019","60357.72"
"53-796-8655","Amalie","Matelaitis","amatelaitisiy@studiopress.com","Support","2015","56060.33"
"54-322-3394","Zared","Scarsbrook","zscarsbrookiz@google.it","Business Development","2017","106463.65"
"63-089-5945","Xylina","Reddish","xreddishj0@hibu.com","Accounting","2017","158701.08"
"22-760-3608","Lauri","Westover","LWestover@abc.com","Research and Development","2018","117074.0955"
"62-801-2355","Shell","McMickan","smcmickanj2@mit.edu","Marketing","2021","193076.83500000002"
"44-035-4081","Laurence","Tessington","ltessingtonj3@washington.edu","Marketing","2021","82533.58050000001"
"06-242-6656","Ignatius","Sacher","isacherj4@hatena.ne.jp","Support","2018","137766.06"
"06-074-3202","Terrence","Beston","tbestonj5@seattletimes.com","Engineering","2019","166482.25"
"87-524-7850","Marta","McFie","mmcfiej6@wp.com","Support","2019","67694.12"
"53-764-1444","Reid","Clendennen","RClendennen@abc.com","Legal","2016","140637.06"
"37-670-4536","Neill","Netherwood","NNetherwood@abc.com","Sales","2019","67771.69"
"72-712-8788","Alexia","Coorington","ACoorington@abc.com","Business Development","2018","140671.21"
"58-521-1995","Shoshanna","Lugton","SLugton@abc.com","Product Management","2015","165152.85"
"27-851-2435","Thia","Peeke-Vout","TPeeke-Vout@abc.com","Business Development","2017","98718.45"
"19-942-2945","Kimbell","Bailie","kbailiejc@nytimes.com","Business Development","2016","149191.24"
"82-466-2177","Perceval","Pettman","ppettmanje@slashdot.org","Research and Development","2019","91334.729"
"99-961-8056","Catha","Kiehnlt","ckiehnltjf@etsy.com","Support","2016","85747.83"
"05-544-3281","Regan","Goldsmith","rgoldsmithjg@goodreads.com","Training","2017","97248.7"
"27-768-4248","Kris","Scedall","kscedalljh@examiner.com","Research and Development","2018","155609.99049999999"
"53-938-1977","Patton","Quant","pquantji@examiner.com","Product Management","2019","172196.23"
"45-331-6912","Nikola","Copperwaite","ncopperwaitejj@cpanel.net","Business Development","2016","91296.23"
"08-838-0889","Carver","Goldthorp","cgoldthorpjk@last.fm","Research and Development","2015","167488.55299999999"
"59-972-9847","Forster","le Keux","flekeuxjl@simplemachines.org","Marketing","2021","66417.9285"
"76-262-8011","Lemuel","Pesak","lpesakjm@wp.com","Support","2015","50436.39"
"57-013-0642","Cammy","Booty","cbootyjn@slashdot.org","Support","2017","91616.68"
"62-841-9441","Tiffy","Asquez","tasquezjo@usa.gov","Human Resources","2016","126075.94"
"55-458-6945","Nollie","Lamkin","NLamkin@abc.com","Engineering","2019","124411.81"
"54-369-5151","Alysa","Concklin","aconcklinjq@newyorker.com","Support","2019","86304.79"
"56-985-2750","Merry","Wreath","mwreathjr@mozilla.org","Engineering","2021","109351.94399999999"
"14-364-6774","Randi","Nelmes","rnelmesjs@cnn.com","Support","2018","138735.64"
"99-965-5293","Dell","Kienlein","dkienleinjt@cbslocal.com","Sales","2015","69835.56"
"84-824-6752","Todd","Nestor","tnestorju@mashable.com","Support","2015","127114.17"
"94-607-9520","Deny","Attew","dattewjv@etsy.com","Business Development","2017","88124.21"
"40-257-4014","Hakeem","Rudman","HRudman@abc.com","Accounting","2018","185509.42"
"47-869-2795","Aldon","Varsey","avarseyjx@meetup.com","Business Development","2016","150939.39"
"97-068-5922","Tye","Myall","tmyalljy@wisc.edu","Training","2016","103895.9"
"00-391-9372","Callie","Penhall","CPenhall@abc.com","Sales","2017","95909.42"
"50-998-0205","Dud","Medwell","dmedwellk0@pinterest.com","Research and Development","2018","173050.86"
"14-537-1022","Travers","Tillerton","ttillertonk1@cornell.edu","Marketing","2021","204879.717"
"72-899-8276","Diego","Kibby","DKibby@abc.com","Engineering","2021","206026.956"
"36-080-1448","Noll","Salliere","nsallierek3@1und1.de","Legal","2016","52019.52"
"07-382-7352","Lani","Gerauld","lgerauldk4@cnbc.com","Marketing","2019","93361.98"
"01-054-6143","Skyler","Hallowes","shallowesk5@trellian.com","Support","2016","109674.99"
"98-068-7177","Westleigh","Stede","WStede@abc.com","Business Development","2018","58691.45"
"23-545-6824","Zelda","Pascow","ZPascow@abc.com","Accounting","2017","70515.62"
"99-436-0252","Dacy","Mariyushkin","dmariyushkink8@thetimes.co.uk","Training","2016","57646.8"
"79-271-6286","Jeffie","Boon","JBoon@abc.com","Support","2018","96465.01"
"39-890-6260","Lettie","Jarlmann","ljarlmannkc@nytimes.com","Research and Development","2019","177108.8895"
"07-569-4416","Blakeley","Jordi","bjordikd@cnn.com","Support","2015","168589.75"
"75-602-4520","Padriac","Tremmil","ptremmilke@narod.ru","Training","2016","120385.77"
"55-146-8157","Basilius","Somerscales","bsomerscaleskf@businesswire.com","Product Management","2015","128584.5"
"96-286-9670","Jemmy","Gerring","jgerringkg@umich.edu","Product Management","2017","118632.94"
"57-746-6252","Brnaba","Tollett","BTollett@abc.com","Accounting","2017","134939.07"
"96-442-7439","Karolina","Litherland","klitherlandki@tinyurl.com","Research and Development","2016","81671.68999999999"
"92-840-0913","Filippa","Danis","FDanis@abc.com","Marketing","2018","112098.76"
"11-713-4211","Ella","Goulbourn","egoulbournkk@cnn.com","Engineering","2021","71020.848"
"03-443-5816","Cobby","Coxhead","ccoxheadkl@naver.com","Product Management","2016","150263.74"
"82-565-4635","Doroteya","Keddey","dkeddeykm@tinyurl.com","Human Resources","2016","179419.55"
"44-489-3665","Bronnie","Dobbyn","bdobbynkn@joomla.org","Product Management","2017","91440.94"
"53-755-9001","Gwyn","Bigg","gbiggko@va.gov","Accounting","2015","74507.26"
"85-531-5792","Chloris","Havile","chavilekp@auda.org.au","Research and Development","2019","111556.562"
"28-350-8353","Titos","Gowthorpe","tgowthorpekq@devhub.com","Training","2015","147747.27"
"41-779-9123","Elbertine","Kleimt","ekleimtkr@ftc.gov","Product Management","2019","70919.3"
"38-182-5514","Saul","Figurski","sfigurskiks@netscape.com","Training","2017","190657.2"
"38-948-2523","Beitris","Kassman","bkassmankt@whitehouse.gov","Research and Development","2018","179670.4505"
"66-141-7377","Cecilia","Maskell","cmaskellku@wordpress.com","Engineering","2021","105417.768"
"47-648-2228","Joye","Fagge","JFagge@abc.com","Legal","2018","187995.2"
"87-500-3331","Travers","Lanham","tlanhamkw@mysql.com","Legal","2019","84619.09"
"09-891-2091","Kristy","Boost","kboostkx@networksolutions.com","Human Resources","2016","110801.94"
"37-337-1984","Tarra","MacKegg","TMacKegg@abc.com","Accounting","2019","99525.06"
"16-086-5967","Gram","Chetwynd","gchetwyndkz@bizjournals.com","Human Resources","2018","112437.96"
"35-354-3768","Domingo","Quin","dquinl0@reference.com","Business Development","2019","89977.93"
"44-005-0164","Sheilakathryn","Gobel","SGobel@abc.com","Engineering","2021","112676.82"
"32-725-9367","Alleen","MacComiskey","amaccomiskeyl2@themeforest.net","Sales","2017","87993.03"
"22-691-0231","Moe","Kleinmintz","mkleinmintzl3@ed.gov","Legal","2015","126529.93"
"99-567-4063","Cynthy","Rigate","CRigate@abc.com","Legal","2019","123120.93"
"68-597-7299","Reta","Browncey","rbrownceyl5@sphinn.com","Human Resources","2019","73634.72"
"66-899-9527","Mora","Ackhurst","mackhurstl6@salon.com","Business Development","2016","138764.4"
"74-336-8948","Devora","Dillingston","DDillingston@abc.com","Marketing","2021","61605.1275"
"96-147-1849","Kylynn","Thirwell","kthirwelll8@senate.gov","Human Resources","2016","139547.05"
"14-664-1758","Adelice","Izon","AIzon@abc.com","Support","2019","190032.99"
"19-973-0036","Kris","Rapkins","krapkinsla@bizjournals.com","Engineering","2021","112660.488"
"50-854-7793","Gabrielle","Liebermann","gliebermannld@globo.com","Legal","2018","79859.32"
"32-165-9921","Sansone","Cutbush","scutbushle@myspace.com","Legal","2016","164270.9"
"65-426-7498","Terrye","Labroue","TLabroue@abc.com","Support","2019","146458"
"40-532-4643","Jonah","Gile","jgilelg@dot.gov","Research and Development","2017","120087.0205"
"63-328-6940","Laureen","Biskupek","lbiskupeklh@hhs.gov","Marketing","2018","140078.44"
"11-668-3008","Katherina","Bon","KBon@abc.com","Accounting","2018","170942.2"
"91-848-9948","Conrad","Delacote","cdelacotelk@drupal.org","Support","2015","119782.02"
"17-762-1161","Hugues","Chadbourn","hchadbournll@walmart.com","Engineering","2019","174988.08"
"79-301-3130","Monti","Winteringham","MWinteringham@abc.com","Accounting","2019","95259.98"
"52-294-1417","Kandy","Del Checolo","kdelchecololn@surveymonkey.com","Training","2016","68507.53"
"15-885-7587","Annabella","McDill","AMcDill@abc.com","Product Management","2019","100155.72"
"17-072-5550","Ban","Cluney","BCluney@abc.com","Marketing","2021","100424.43600000002"
"59-268-3714","Velma","Jimeno","vjimenolq@ovh.net","Legal","2016","106617.33"
"45-136-7922","Abrahan","Deniscke","adenisckelr@jugem.jp","Support","2019","123426.96"
"45-303-0562","Genni","Kinworthy","gkinworthylt@omniture.com","Engineering","2021","125666.904"
"55-903-4425","Gilligan","Spikeings","GSpikeings@abc.com","Training","2016","90199.63"
"32-905-3342","Filippa","Bance","fbancelv@oaic.gov.au","Human Resources","2017","197827.39"
"01-211-5599","Sandor","Hackworth","shackworthlw@webmd.com","Accounting","2015","53776.54"
"13-658-7041","George","Ziemecki","gziemeckilx@delicious.com","Training","2018","162764.5"
"61-638-2821","Hercule","Phizackarley","hphizackarleylz@jalbum.net","Accounting","2018","176640.76"
"79-598-4642","Rivkah","Launder","rlaunderm0@purevolume.com","Legal","2015","68342.28"
"78-291-1195","Bettye","Staniforth","bstaniforthm1@skype.com","Product Management","2018","120431.2"
"24-289-6352","Andriana","Blaker","ablakerm2@oaic.gov.au","Legal","2018","116296.95"
"56-514-0390","Tracie","Morphet","tmorphetm3@cpanel.net","Research and Development","2016","187304.19449999998"
"47-110-2921","Rickert","Selby","RSelby@abc.com","Legal","2016","161284.11"
"97-815-3958","Dode","Loveitt","dloveittm5@cpanel.net","Business Development","2016","176042.92"
"25-468-6641","Erastus","Backson","ebacksonm7@accuweather.com","Marketing","2021","81719.505"
"03-945-6626","Dawna","Baskerfield","dbaskerfieldm8@who.int","Product Management","2016","72813.96"
"60-289-4830","Ashton","Toon","atoonm9@tripadvisor.com","Product Management","2016","66858.19"
"77-261-8766","Ruprecht","Crumley","RCrumley@abc.com","Legal","2018","199233.21"
"50-435-6041","Roger","Coviello","RCoviello@abc.com","Engineering","2021","60485.076"
"33-556-5611","Terza","Sanbroke","TSanbroke@abc.com","Marketing","2021","58452.702"
"83-367-8689","Penelopa","Rostron","prostronme@bbc.co.uk","Support","2017","72945.93"
"94-507-5434","Phillipe","Filipic","pfilipicmf@xinhuanet.com","Engineering","2019","180760.94"
"61-889-5995","Olva","McLeary","OMcLeary@abc.com","Product Management","2017","118327.23"
"09-092-0835","Jeffie","Janks","jjanksmh@dmoz.org","Training","2019","121454.8"
"41-891-1081","Appolonia","Dankov","adankovmi@cornell.edu","Accounting","2018","63017.64"
"97-808-5047","Gennifer","Jachimiak","GJachimiak@abc.com","Business Development","2018","146541.77"
"30-454-4870","Leland","McGuckin","lmcguckinmk@businessweek.com","Human Resources","2016","79860.18"
"62-634-4558","Zach","Inch","zinchml@usnews.com","Support","2018","65930.95"
"69-021-3838","Audie","Coryndon","acoryndonmm@imdb.com","Training","2018","166729.3"
"42-172-0270","Gray","Izon","GIzon@abc.com","Training","2016","64402.68"
"60-927-8316","Melodee","Daveren","mdaverenmo@comcast.net","Marketing","2021","178798.36800000002"
"32-026-5417","Chrisy","Servante","cservantemp@sun.com","Training","2017","160004.31"
"49-886-6910","Roderick","Cullen","rcullenmq@prlog.org","Human Resources","2016","121164.51"
"41-221-0940","Viviyan","Iveson","vivesonmr@cloudflare.com","Accounting","2017","145178.68"
"61-942-3524","Bogey","Simonnin","bsimonninms@nih.gov","Research and Development","2017","176783.315"
"24-889-0435","Barnebas","Basezzi","BBasezzi@abc.com","Engineering","2021","75417.45599999999"
"34-643-2688","Veronike","Prin","vprinmv@ovh.net","Human Resources","2017","68009.57"
"58-608-9277","Pippy","Tumility","ptumilitymw@mlb.com","Product Management","2017","168720.57"
"95-668-8493","Devy","Delahunty","ddelahuntymx@trellian.com","Accounting","2016","55448.25"
"93-422-6347","Krista","Purselow","KPurselow@abc.com","Business Development","2019","176367.55"
"73-343-1135","Tomasina","Dibner","tdibnermz@senate.gov","Engineering","2021","234110.808"
"78-102-8257","Gordon","Paradin","gparadinn0@spotify.com","Engineering","2021","62165.628"
"52-680-3067","Erin","McLese","emclesen1@who.int","Human Resources","2016","74050.44"
"27-806-7078","Laney","Lifsey","llifseyn2@forbes.com","Support","2015","129505.49"
"24-118-7851","Massimiliano","Mardall","mmardalln3@diigo.com","Accounting","2018","161435.51"
"78-131-6813","Cori","Yanyushkin","cyanyushkinn4@zimbio.com","Accounting","2017","51955.68"
"69-461-8342","Chloe","Bushaway","cbushawayn5@etsy.com","Marketing","2019","132973.52"
"68-943-5383","Katti","Newlands","knewlandsn6@wisc.edu","Engineering","2019","170108.7"
"44-078-6309","Selig","Danihel","SDanihel@abc.com","Research and Development","2017","84165.041"
"34-915-2660","Piggy","Ivanyushin","pivanyushinn9@weebly.com","Training","2015","196998.09"
"58-354-3700","Minna","Convery","MConvery@abc.com","Human Resources","2017","126434.55"
"22-077-8666","Karlotte","Aldwich","kaldwichnb@wikipedia.org","Training","2019","155476.4"
"02-116-8435","Aloise","Sarney","asarneync@histats.com","Marketing","2021","121049.418"
"34-671-2358","Natty","Percifer","npercifernd@delicious.com","Research and Development","2019","71644.82"
"67-369-3251","Erda","Shard","EShard@abc.com","Engineering","2021","108035.25600000001"
"50-482-1339","Bettina","Nuscha","BNuscha@abc.com","Business Development","2017","50027.67"
"87-111-1766","Braden","Crosgrove","BCrosgrove@abc.com","Product Management","2019","163994.94"
"66-083-0249","Thatcher","Balfour","tbalfournh@odnoklassniki.ru","Support","2015","179173.97"
"02-348-3844","Doralin","Dexter","DDexter@abc.com","Marketing","2019","50588.92"
"25-996-8117","Elias","Tryhorn","ETryhorn@abc.com","Research and Development","2017","71710.2845"
"22-133-3462","Marget","Crouse","MCrouse@abc.com","Human Resources","2017","144869.79"
"96-318-6736","Urson","Iorio","uiorionl@seattletimes.com","Support","2017","174230.95"
"51-349-0097","Dayna","Rusbridge","DRusbridge@abc.com","Training","2019","146301.7"
"10-934-7283","Murdock","Keirle","mkeirlenn@twitter.com","Research and Development","2017","115534.554"
"89-194-8255","Dud","Gwillim","dgwillimno@vkontakte.ru","Support","2019","123916.75"
"13-729-3728","Sande","Rassmann","srassmannnp@twitter.com","Legal","2015","190049.8"
"44-847-1693","Rica","Osmint","rosmintnq@omniture.com","Engineering","2021","125843.45999999999"
"34-295-1784","Trudi","Bernardin","tbernardinnr@a8.net","Product Management","2019","89623.45"
"09-986-7099","Una","Gemeau","ugemeauns@freewebs.com","Human Resources","2017","69249.96"
"27-410-3151","Margette","Summers","msummersnt@ft.com","Engineering","2021","79682.01599999999"
"62-469-5553","Louise","Dachey","ldacheynu@psu.edu","Support","2019","114196.37"
"08-806-9732","Eran","Weymouth","eweymouthnv@diigo.com","Support","2015","117906.16"
"98-864-5421","Sal","Spreull","sspreullnw@hao123.com","Engineering","2021","186458.892"
"49-173-8238","Gerrie","Gutteridge","ggutteridgenx@theatlantic.com","Business Development","2018","93913.77"
"25-723-3736","Beaufort","Fowden","bfowdenny@com.com","Research and Development","2018","74117.8315"
"86-174-2340","Matty","Lashmar","MLashmar@abc.com","Support","2018","76335.75"
"41-647-9483","Henri","Amner","HAmner@abc.com","Legal","2018","64224.32"
"94-359-8103","Karee","Lakin","klakino1@hexun.com","Research and Development","2015","124358.458"
"80-479-0587","Viva","Fenn","vfenno2@mozilla.com","Marketing","2021","209418.888"
"00-414-6065","Hermon","Astlatt","hastlatto3@accuweather.com","Support","2016","90199.57"
"46-754-9924","Kurtis","Llewelly","kllewellyo4@bizjournals.com","Research and Development","2015","97886.09999999999"
"26-716-2304","Morgen","Rorke","mrorkeo5@mapy.cz","Support","2015","189648.96"
"37-062-5143","Colene","Pittford","cpittfordo6@usnews.com","Human Resources","2015","74365.8"
"92-495-4255","Casar","Gentle","cgentleo7@google.co.uk","Training","2016","72642.49"
"14-428-9335","Elijah","Albion","ealbiono8@plala.or.jp","Accounting","2019","174535.9"
"78-921-9749","Alain","Ewbanke","aewbankeo9@ovh.net","Training","2018","108075.45"
"35-721-5900","Seth","Allden","salldenoa@rediff.com","Support","2015","162949.36"
"31-561-5796","Jayme","Maiden","jmaidenob@reference.com","Marketing","2019","125993.21"
"43-052-3682","Lorrie","Polly","lpollyoc@statcounter.com","Accounting","2019","185421.24"
"51-307-0471","Lavina","Trazzi","ltrazziod@homestead.com","Business Development","2017","150305.21"
"54-733-4082","Raine","Cuniam","RCuniam@abc.com","Accounting","2019","140427.5"
"74-609-9497","Erin","Praundlin","epraundlinof@twitpic.com","Product Management","2015","104907.99"
"65-518-6610","Robin","Doswell","rdoswellog@buzzfeed.com","Research and Development","2018","60582.2885"
"66-392-7691","Margi","Alvin","malvinoh@google.com","Business Development","2018","87879.07"
"24-135-1917","Aili","Piperley","apiperleyoi@jalbum.net","Engineering","2021","221978.628"
"47-937-1063","Georgianna","McMains","GMcMains@abc.com","Accounting","2017","72211.72"
"96-509-9983","Meade","Akenhead","makenheadok@uol.com.br","Support","2018","149763.89"
"70-714-1033","Thibaut","Quarterman","tquartermanol@icq.com","Research and Development","2017","81848.37099999998"
"54-944-7396","Buddie","Yair","byairom@goodreads.com","Product Management","2019","159391.2"
"81-569-8018","Chaddy","Hellin","chellinon@twitpic.com","Accounting","2017","103433.99"
"21-692-4456","Ardenia","Churchley","AChurchley@abc.com","Product Management","2017","84260.8"
"52-140-7766","Dorthy","Jersh","DJersh@abc.com","Business Development","2015","161064.75"
"77-223-7855","Timmie","Pexton","tpextonoq@istockphoto.com","Legal","2019","97402.85"
"89-071-4988","Cate","Monni","cmonnior@omniture.com","Support","2017","195843.54"
"08-126-5202","Anneliese","Costain","acostainos@altervista.org","Research and Development","2018","187524.55649999998"
"80-789-2669","Lars","Bohler","lbohlerot@va.gov","Support","2018","100928.89"
"80-054-7737","Bernardine","Blackley","bblackleyou@about.me","Training","2016","62808.29"
"21-371-6975","Jandy","Cummine","jcummineov@e-recht24.de","Product Management","2017","136327.81"
"76-973-3387","Karry","Getten","kgettenow@sourceforge.net","Legal","2017","58918.5"
"19-515-6669","Reena","Laphorn","rlaphornox@linkedin.com","Human Resources","2019","166397.91"
"18-369-7425","Susanne","Boldry","sboldryoy@smugmug.com","Support","2019","98009.31"
"49-128-7165","Trever","Crosdill","tcrosdilloz@apple.com","Marketing","2021","99912.4665"
"80-993-0777","Mitchell","MacGaffey","MMacGaffey@abc.com","Training","2015","65512.88"
"31-485-5769","Simonne","Skates","sskatesp1@vinaora.com","Support","2019","118787.99"
"66-751-7720","Birch","Pengelly","BPengelly@abc.com","Support","2018","186558.19"
"59-398-3724","Oliver","Currer","ocurrerp3@icq.com","Support","2017","156875.26"
"00-552-4589","Field","Domel","fdomelp4@networkadvertising.org","Support","2015","115254.12"
"70-450-7024","Orson","Casine","ocasinep5@delicious.com","Research and Development","2016","175247.41199999998"
"44-205-5516","Costa","Adhams","cadhamsp6@ft.com","Sales","2017","72063.15"
"25-043-6165","Petunia","Dilworth","PDilworth@abc.com","Business Development","2015","122263.01"
"08-795-1203","Mabelle","Dawdary","MDawdary@abc.com","Sales","2019","90519.56"
"04-123-7846","Savina","Knock","SKnock@abc.com","Engineering","2019","81749.62"
"38-521-3324","Corrina","Rubie","crubiepa@posterous.com","Research and Development","2017","156187.733"
"12-629-1111","Martguerita","Forrestill","mforrestillpb@shareasale.com","Marketing","2018","178440.69"
"15-344-8925","Gardener","Bruty","gbrutypd@ucoz.ru","Product Management","2015","175579.45"
"04-503-4209","Elisha","Elland","eellandpe@com.com","Business Development","2015","191306.49"
"60-386-1493","Jean","Hutchings","jhutchingspf@marriott.com","Business Development","2015","125106.82"
"73-559-1646","Marielle","Brownjohn","mbrownjohnpg@slideshare.net","Support","2019","188559.52"
"51-165-4424","Faunie","Seamer","fseamerph@ucsd.edu","Training","2017","55168.71"
"11-614-5387","Jacynth","Creaney","jcreaneypi@symantec.com","Training","2017","163917.73"
"26-830-3158","Austina","Lodge","alodgepj@fema.gov","Support","2015","65690.41"
"61-476-1095","Verina","Franciottoi","vfranciottoipl@netvibes.com","Business Development","2019","114388.62"
"81-654-1197","Bethena","Drinkel","BDrinkel@abc.com","Legal","2019","159052.68"
"60-110-9850","Isabelle","McRobert","imcrobertpn@blogs.com","Accounting","2018","110177.9"
"13-471-0427","Karlotte","Bonifant","KBonifant@abc.com","Sales","2019","86427.87"
"35-958-5162","Kerrill","Costain","kcostainpp@google.co.uk","Sales","2016","55950.16"
"38-092-2078","Juditha","Zamorrano","JZamorrano@abc.com","Legal","2018","161925.17"
"36-086-8740","Norine","Torrance","NTorrance@abc.com","Human Resources","2017","159647.9"
"20-526-2787","Eydie","Aime","eaimeps@acquirethisname.com","Engineering","2021","210601.536"
"86-246-7950","Pam","Perkins","pperkinspt@arstechnica.com","Accounting","2019","196242.53"
"06-934-3969","Abran","Rapley","arapleypv@elpais.com","Engineering","2021","237556.224"
"00-976-0053","Damara","Bazoche","dbazochepw@japanpost.jp","Accounting","2019","125949"
"80-798-1308","Sumner","MacShirie","SMacShirie@abc.com","Product Management","2016","76443.25"
"41-653-8223","Zane","Jantel","zjantelpy@4shared.com","Research and Development","2017","154606.591"
"40-383-5939","Marianna","MacAdam","MMacAdam@abc.com","Human Resources","2018","101535.71"
"88-329-8864","Rosalia","Barhams","RBarhams@abc.com","Training","2017","149970.38"
"86-782-9669","Jesse","Liveing","jliveingq2@princeton.edu","Business Development","2015","101596.3"
"35-743-0939","Virginia","Grubbe","vgrubbeq3@myspace.com","Support","2018","63807.79"
"18-368-9955","Horst","Joselovitch","hjoselovitchq4@arizona.edu","Business Development","2016","188666.44"
"76-741-4465","Jerrilyn","Linklater","JLinklater@abc.com","Business Development","2015","124566.44"
"26-147-8366","Leila","Blindt","lblindtq6@cpanel.net","Human Resources","2017","57617.38"
"76-018-3047","Mellicent","Czaja","mczajaq7@walmart.com","Engineering","2021","67723.26"
"47-859-7346","Holli","Parfett","HParfett@abc.com","Accounting","2018","86071.31"
"46-159-2742","Jo-ann","Boldra","jboldraq9@wordpress.org","Training","2016","123641.31"
"85-942-5411","Tallie","O' Neligan","toneliganqa@ustream.tv","Engineering","2021","65011.02"
"34-615-9179","Weider","Bracey","wbraceyqb@chronoengine.com","Business Development","2015","129100.53"
"46-214-2170","Lark","Heinecke","lheineckeqc@techcrunch.com","Business Development","2015","148913.42"
"47-476-4031","Giordano","Sponder","gsponderqd@bizjournals.com","Support","2018","66091.82"
"84-714-8605","Audra","Pirouet","APirouet@abc.com","Marketing","2019","144701.45"
"85-249-6398","Vannie","Berthomier","VBerthomier@abc.com","Research and Development","2015","177209.58"
"92-062-2567","Frederich","Pickersail","fpickersailqh@biglobe.ne.jp","Business Development","2015","87874.31"
"89-433-0593","Elbertine","Bellerby","ebellerbyqi@wikispaces.com","Support","2016","51301.62"
"32-219-3121","Langsdon","Matteucci","lmatteucciqj@homestead.com","Human Resources","2019","146565.57"
"24-641-6001","Conrado","Ledur","CLedur@abc.com","Product Management","2018","163834.1"
"09-468-8737","Laird","Lars","llarsql@state.tx.us","Business Development","2018","104810.02"
"37-934-8957","Wandie","Neward","wnewardqm@forbes.com","Business Development","2016","117166.22"
"36-319-1316","Chickie","Maasz","cmaaszqn@marriott.com","Support","2017","82006.46"
"98-768-0311","Sandro","Gilphillan","SGilphillan@abc.com","Engineering","2021","185063.60400000002"
"83-059-3352","Lilyan","Rockhill","lrockhillqp@newyorker.com","Research and Development","2016","128303.67499999999"
"39-164-6228","Sammy","Jeanin","SJeanin@abc.com","Marketing","2021","105630.71399999999"
"02-603-1252","Cully","Espinas","cespinasqr@stanford.edu","Human Resources","2017","139632.16"
"04-355-3737","Basil","Danielis","bdanielisqs@dailymail.co.uk","Marketing","2019","154465.7"
"96-194-0231","Marilin","Gors","MGors@abc.com","Research and Development","2019","150002.3685"
"45-961-1569","Wendy","Pharrow","WPharrow@abc.com","Training","2016","181255.01"
"31-111-4544","Giulietta","Wavell","gwavellqv@google.de","Support","2019","80336.02"
"99-421-6742","Shelagh","Acres","sacresqw@chron.com","Training","2015","192514.81"
"82-649-0765","Madge","Stuer","mstuerqx@nbcnews.com","Accounting","2017","54961.03"
"08-408-4790","Malcolm","Latch","mlatchqy@accuweather.com","Support","2015","117165.79"
"18-127-0778","Henrietta","Tatchell","htatchellqz@dedecms.com","Legal","2017","156030.18"
"18-930-8792","Arron","Tebb","atebbr0@freewebs.com","Accounting","2019","179829.15"
"91-722-4776","Karlens","Stallard","KStallard@abc.com","Business Development","2016","162684.74"
"13-917-5960","Normy","Sheerman","NSheerman@abc.com","Engineering","2019","67540.67"
"41-988-6633","Pavia","Mathivon","pmathivonr3@utexas.edu","Support","2018","170523.79"
"85-640-9472","Carolann","Qualtrough","cqualtroughr4@rediff.com","Support","2019","84090.12"
"27-441-2402","Sharl","Flanner","sflannerr5@godaddy.com","Human Resources","2018","91588.1"
"76-342-7164","Catrina","Bown","cbownr6@163.com","Legal","2019","65916.92"
"25-123-5756","Garvy","Bayly","gbaylyr7@wsj.com","Product Management","2015","115124.08"
"57-336-9156","Sigismund","Skaife","SSkaife@abc.com","Support","2017","183027.32"
"26-232-9754","Kendell","Farnham","kfarnhamr9@xinhuanet.com","Marketing","2021","161739.165"
"31-165-7977","Dorolisa","Bratty","dbrattyra@alibaba.com","Legal","2016","83017.02"
"71-330-8451","Kalli","Drust","kdrustrb@state.tx.us","Accounting","2015","151189.74"
"07-552-8694","Guthrey","Stainburn","GStainburn@abc.com","Research and Development","2019","151663.2345"
"96-526-0401","Keen","Osboldstone","KOsboldstone@abc.com","Legal","2016","58336.11"
"65-784-6760","Harriette","Duffrie","hduffrierf@yandex.ru","Training","2019","154794.06"
"61-233-9511","Christophe","Luna","clunarh@flickr.com","Accounting","2018","145158.97"
"93-906-3089","Christie","Wevell","cwevellri@goo.ne.jp","Product Management","2018","116472.74"
"51-271-5993","Ruth","Dugget","RDugget@abc.com","Support","2016","123526.99"
"85-126-8083","Marylynne","Peaurt","mpeaurtrk@seesaa.net","Business Development","2018","185964.36"
"00-448-0297","Tallie","Candlin","tcandlinrl@4shared.com","Product Management","2015","159380.94"
"21-116-5775","Conrade","Tetford","ctetfordrm@hubpages.com","Legal","2017","67692.68"
"50-207-2069","Kellia","Dudill","kdudillrn@wikimedia.org","Legal","2015","138203.41"
"30-796-0463","Huey","Liddon","hliddonro@cnet.com","Training","2019","58760.98"
"14-118-9453","Allx","Biskupiak","abiskupiakrp@economist.com","Engineering","2021","82861.836"
"60-318-0712","Mara","Winchcombe","mwinchcomberq@phoca.cz","Product Management","2016","166499.24"
"16-267-2880","Juliann","Murrum","jmurrumrr@google.ca","Marketing","2021","121529.1945"